{
    "$schema": "http://json-schema.org/draft-07/schema",
    "$id": "http://example.com/example.json",
    "type": "object",
    "title": "The root schema",
    "description": "The root schema comprises the entire JSON document.",
    "default": {},
    "examples": [
        {
            "place_id": "928b51f648d67f",
            "scope": "APP",
            "reference": "736f3c9bec384af62a184a1936d42bb0736f3c9bec384af62a184a1936d42bb0",
            "status": "OK",
            "id": "736f3c9bec384af62a184a1936d42bb0"
        }
    ],
    "required": [
        "status",
        "place_id",
        "scope",
        "reference",
        "id"
    ],
    "additionalProperties": true,
    "properties": {
        "status": {
            "$id": "#/properties/status",
            "type": "string",
            "title": "The status schema",
            "description": "An explanation about the purpose of this instance.",
            "default": "",
            "examples": [
                "OK"
            ]
        },
        "place_id": {
            "$id": "#/properties/place_id",
            "type": "string",
            "title": "The place_id schema",
            "description": "An explanation about the purpose of this instance.",
            "default": "",
            "examples": [
                "928b51f648d67f"
            ]
        },
        "scope": {
            "$id": "#/properties/scope",
            "type": "string",
            "title": "The scope schema",
            "description": "An explanation about the purpose of this instance.",
            "default": "",
            "examples": [
                "APP"
            ]
        },
        "reference": {
            "$id": "#/properties/reference",
            "type": "string",
            "title": "The reference schema",
            "description": "An explanation about the purpose of this instance.",
            "default": "",
            "examples": [
                "736f3c9bec384af62a184a1936d42bb0736f3c9bec384af62a184a1936d42bb0"
            ]
        },
        "id": {
            "$id": "#/properties/id",
            "type": "string",
            "title": "The id schema",
            "description": "An explanation about the purpose of this instance.",
            "default": "",
            "examples": [
                "736f3c9bec384af62a184a1936d42bb0"
            ]
        }
    },
    "additionalPropeties": true
}