{"PatientContact":[],"Visit":{"PatientResponsibilityEstimate":"","PatientType":{"PatientTypeCode":"CLI","PatientTypeDescription":"CLINICAL PATIENTS"},"VisitProvider":[],"VisitService":"MD","FinancialClass":{"FinancialClassCode":"SP","FinancialClassDescription":""},"CurrentBalance":"150","VisitLocation":{"LocationRoom":"255 MD","LocationBuilding":"","LocationFloor":"","LocationDescription":"","LocationPointOfCare":{"PointofCareCode":"MFM","PointofCareDescription":"Maternal Fetal Medicine"},"LocationBed":"1","LocationFacility":"","LocationType":""},"VisitNumber":"K8322100737","VisitDate":"2022-03-24T10:15:10.753","PatientClass":{"PatientClassDescription":"Inpatient","PatientClassCode":"I"},"AccountNumber":"K8322100737","PreAdmissionNumber":"","VisitReadmisisonIndicator":"","VisitAdmissionReason":"","AdmitSource":{"AdmitSourceCode":"2","AdmitSourceDescription":"Clinic referral"},"AdmitType":{"AdmitTypeCode":"R","AdmitTypeDescription":"Routine"},"VisitDischargeDate":"","VisitLengthOfStay":"","VisitNewbornIndicator":""},"ModuleSubscription":[{"ModuleRefId":0}],"Patient":{"TenantPatientIdentifier":[{"TenantPatientIdentifierType":"MR","TenantPatientId":"K8322100737","TenantPatientIdentifierDescription":"Medical Record Number"},{"TenantPatientIdentifierType":"SSN","TenantPatientId":"633-41-1885","TenantPatientIdentifierDescription":"Social Security Number"},{"TenantPatientIdentifierType":"PI","TenantPatientId":"S360265734","TenantPatientIdentifierDescription":"Patient Internal Identifier"},{"TenantPatientIdentifierType":"EPI","TenantPatientId":"K8322100737","TenantPatientIdentifierDescription":"Enterprise Patient Identifier"}],"PatientFirstName":"awxz","PatientDateOfBirth":"1987-01-01","PatientGender":{"GenderCode":"F","GenderDescription":"Male"},"Religion":"Other","Citizenship":"US","PatientRace":{"RaceCode":"2106-3","RaceDescription":"White"},"PatientMultipleBirthOrder":"","Nationality":"US","PrimaryCareProvider":[{"ProviderLastName":"WRIGHT","ProviderType":{"ProviderTypeCode":"PP","ProviderTypeDescription":"Primary Care Provider"},"ProviderNPI":"1376525618","ProviderFirstName":"FRANK"}],"PatientMotherIdentifier":[],"MaritalStatus":"D","Occupation":"Engineer","Ethnicity":"NH","PatientLanguage":{"LanguageCode":"en","LanguageDescription":"English"},"DeceasedDateTime":"","PatientAddress":[{"AddressTypeDescription":"Home","State":"Utah","AddressTypeCode":"H","PostalCode":"524004","Country":"USA","City":"awxz","StreetAddress2":"","StreetAddress1":"226 Waelchi Lakes"}],"PatientPhoneNumber":[{"PhoneNumberTypeDescription":"Mobile","PhoneNumber":"7402221234","PhoneNumberTypeCode":"M"},{"PhoneNumberTypeDescription":"Home","PhoneNumber":"7403339876","PhoneNumberTypeCode":"H"}],"PatientEmailAddress":"awxz@gmail.com","PatientLastName":"awxz","IsEmployed":"Y","PatientMiddleInitial":"A","PatientMultipleBirthIndicator":"","IsDeceased":""},"TenantId":"18FDB1EF-1C3B-400E-9893-4DE5371AD68E","Transaction":[{"EmployeeLastName":"Gaddam","EmployeeFirstName":"Vishnu","EventType":{"EventTypeCode":"A03","EventTypeDescription":"Discharge"},"DocVersionNum":"0","EventDateTime":"2021-08-11T09:30:10.750","FacilityCode":"PRC01","EmployeeId":"1571","MessageType":"ADT","MessageId":"1499366"}],"Insurance":[],"Guarantor":[],"Observation":[],"DRG":[],"Procedure":[],"SchemaVersionNum":"1.0","FacilityTimeZoneOffSet":"-05:00","Diagnosis":[]}