{"Appointment":{"AppointmentReason":"6 MO F\/U (FROM 11\/19\/20) ORDERED FASTING LABS","AppointmentGeneralResource":[],"AppointmentType":"Normal","AppointmentStartDate":"2022-07-21T13:00:00.000","AppointmentId":"2022218537V2","AppointmentNote":[],"AppointmentDurationUnits":"min","AppointmentStatus":"","AppointmentEndDate":"2022-07-21T13:00:00.000","AppointmentDuration":"30","AppointmentService":[]},"PatientContact":[{"ContactAddress":[{"AddressTypeDescription":"Home","State":"TX","AddressTypeCode":"H","PostalCode":"75093","Country":"ZZZ","City":"Plano","StreetAddress2":"Apt 12345","StreetAddress1":"123 Pelitas Dr"}],"ContactMiddleInitial":"","ContactType":{"ContactCode":"C","ContactDescription":"Emergency Contact"},"ContactPhoneNumber":[{"PhoneNumberTypeDescription":"Home","PhoneNumber":"9998887799","PhoneNumberTypeCode":"H"}],"ContactRelationToPatient":{"RelationshipTypeCode":"","RelationshipTypeDescription":"Spouse"},"ContactOrganizationName":"Gud","ContactFirstName":"Bart","ContactLastName":"Simpson"},{"ContactAddress":[{"AddressTypeDescription":"Home","State":"TX","AddressTypeCode":"H","PostalCode":"75093","Country":"US","City":"Plano","StreetAddress2":"Apt 1","StreetAddress1":"123 Pelitas Dr"}],"ContactMiddleInitial":"","ContactType":{"ContactCode":"N","ContactDescription":"Next-of-Kin"},"ContactPhoneNumber":[{"PhoneNumberTypeDescription":"Mobile","PhoneNumber":"9998886699","PhoneNumberTypeCode":"M"}],"ContactRelationToPatient":{"RelationshipTypeCode":"CHD","RelationshipTypeDescription":"Child"},"ContactOrganizationName":"","ContactFirstName":"Bart","ContactLastName":"Simpson"},{"ContactAddress":[{"AddressTypeDescription":"Business","State":"TX","AddressTypeCode":"B","PostalCode":"75093","Country":"AAA","City":"Plano","StreetAddress2":"Building 1","StreetAddress1":"123 Pelitas Dr"}],"ContactMiddleInitial":"test","ContactType":{"ContactCode":"E","ContactDescription":"Employer"},"ContactPhoneNumber":[{"PhoneNumberTypeDescription":"Business","PhoneNumber":"9998886699","PhoneNumberTypeCode":"B"}],"ContactRelationToPatient":{"RelationshipTypeCode":"SPO","RelationshipTypeDescription":"test"},"ContactOrganizationName":"Springfield Nuclear Power Plant","ContactFirstName":"test","ContactLastName":"test"}],"ExtendedData":[{"Category":"VisitInformation","Data":"WI","FieldName":"ArrivalMode"}],"Visit":{"PatientResponsibilityEstimate":"","PatientType":{"PatientTypeCode":"CLI","PatientTypeDescription":""},"VisitProvider":[{"ProviderSuffix":"Jr","ProviderLastName":"JONES","ProviderPrefix":"Dr","ProviderType":{"ProviderTypeCode":"PP","ProviderTypeDescription":"Primary Care Provider"},"ProviderNPI":"1578651972","ProviderFirstName":"TOM"},{"ProviderSuffix":"Jr","ProviderLastName":"JONES","ProviderPrefix":"Dr","ProviderType":{"ProviderTypeCode":"FHCP","ProviderTypeDescription":"Family Health Care Professional"},"ProviderNPI":"1578651972","ProviderFirstName":"TOM"},{"ProviderSuffix":"Jr","ProviderLastName":"BUNNY","ProviderPrefix":"Dr","ProviderType":{"ProviderTypeCode":"AT","ProviderTypeDescription":"Attending Provider"},"ProviderNPI":"9998651972","ProviderFirstName":"BUGS"},{"ProviderSuffix":"Jr","ProviderLastName":"BUNNY","ProviderPrefix":"Dr","ProviderType":{"ProviderTypeCode":"AD","ProviderTypeDescription":"Admitting Provider"},"ProviderNPI":"9998651972","ProviderFirstName":"BUGS"},{"ProviderSuffix":"Jr","ProviderLastName":"Mouse","ProviderPrefix":"Dr","ProviderType":{"ProviderTypeCode":"CP","ProviderTypeDescription":"Consulting Provider"},"ProviderNPI":"9998881972","ProviderFirstName":"Mickey"},{"ProviderSuffix":"Jr","ProviderLastName":"Mouse","ProviderPrefix":"Dr","ProviderType":{"ProviderTypeCode":"RP","ProviderTypeDescription":"Referring Provider"},"ProviderNPI":"9997771972","ProviderFirstName":"Mickey"}],"VisitService":"Imaging","FinancialClass":{"FinancialClassCode":"BC","FinancialClassDescription":""},"CurrentBalance":"","VisitLocation":{"LocationRoom":"Room 11","LocationBuilding":"Building D","LocationFloor":"Floor 3","LocationDescription":"","LocationPointOfCare":{"PointofCareCode":"MFM","PointofCareDescription":""},"LocationBed":"Bed 22","LocationFacility":"","LocationType":""},"VisitNumber":"A2022218537","VisitDate":"2022-07-21T13:00:00.000","PatientClass":{"PatientClassDescription":"Outpatient","PatientClassCode":"O"},"AccountNumber":"A2022218537","PreAdmissionNumber":"","VisitReadmisisonIndicator":"","VisitAdmissionReason":"Routine","AdmitSource":{"AdmitSourceCode":"1","AdmitSourceDescription":"Physician referral"},"AdmitType":{"AdmitTypeCode":"R","AdmitTypeDescription":"Routine"},"VisitDischargeDate":"","VisitLengthOfStay":"","VisitNewbornIndicator":"No"},"ModuleSubscription":[{"ModuleRefId":0}],"Patient":{"TenantPatientIdentifier":[{"TenantPatientIdentifierType":"MR","TenantPatientId":"A2022218537","TenantPatientIdentifierDescription":"Medical Record Number"},{"TenantPatientIdentifierType":"SSN","TenantPatientId":"999-99-9993","TenantPatientIdentifierDescription":"Social Security Number"},{"TenantPatientIdentifierType":"PI","TenantPatientId":"PITVIDA0826G","TenantPatientIdentifierDescription":"Patient Internal Identifier"},{"TenantPatientIdentifierType":"EPI","TenantPatientId":"A2022218537","TenantPatientIdentifierDescription":"Enterprise Patient Identifier"}],"PatientFirstName":"#FName","PatientDateOfBirth":"2009-01-01","PatientGender":{"GenderCode":"M","GenderDescription":"Male"},"PatientSuffix":"MM","PrimaryCareProvider":[],"PatientMotherIdentifier":[],"PatientLanguage":{"LanguageCode":"en","LanguageDescription":"English"},"PatientPhoneNumber":[{"PhoneNumberTypeDescription":"Mobile","PhoneNumber":"4693236399","PhoneNumberTypeCode":"M"},{"PhoneNumberTypeDescription":"Home","PhoneNumber":"4699998899","PhoneNumberTypeCode":"H"}],"PatientMiddleInitial":"J","PatientMultipleBirthIndicator":"","IsDeceased":"","Religion":"Christian","Citizenship":"US","PatientRace":{"RaceCode":"2106-3","RaceDescription":"White"},"PatientMultipleBirthOrder":"","Nationality":"US","MaritalStatus":"N","Occupation":"nuclear safety inspector","Ethnicity":"HI","DeceasedDateTime":"","PatientAddress":[{"AddressTypeDescription":"Home","State":"TX","AddressTypeCode":"H","PostalCode":"75093","Country":"USA","City":"Plano","StreetAddress2":"Apt 1","StreetAddress1":"123 Pelitas Dr"}],"PatientEmailAddress":"chakri1@pelitas.com","PatientLastName":"$LName","IsEmployed":"Yes"},"TenantId":"18fdb1ef-1c3b-400e-9893-4de5371ad68e","Accident":{"AutoAccidentState":"IN","AccidentDateTime":"2020-08-05T23:40:16.000-04:00","AccidentLocation":"At home test location","AccidentJobRelatedIndicator":"No","AccidentAddress":{"State":"IN","PostalCode":"37095","Country":"UNITED STATES","City":"Lafayette","StreetAddress2":"apt 1","StreetAddress1":"123 street"},"AccidentCode":"ACC","AccidentDeathIndicator":"No"},"ClaimOccurance":[{"OccuranceCode":"11","OccuranceDate":"2021-06-27"}],"Transaction":[{"EmployeeLastName":"Gaddam","EmployeeFirstName":"Vishnu","EventType":{"EventTypeCode":"A01","EventTypeDescription":"Pre-Admit"},"DocVersionNum":"0","EventDateTime":"2021-06-30T09:24:12.189","FacilityCode":"PRC01","EmployeeId":"1571","MessageType":"ADT","MessageId":"TVIDA1907318"}],"Insurance":[{"insured":{"insuredMiddleInitial":"A","insuredGender":{"genderDescription":"Male","genderCode":"M"},"insuredDateOfBirth":"1980-02-27T00:00:00","insuredEmployerAddress":{"country":null,"city":"SEGUIN","postalCode":"78155","streetAddress1":"unknown","streetAddress2":null,"state":"TX"},"insuredSSN":"959-85-5348","insuredEmployementStatus":"Unknown","insuredGroupEmployerName":"TEC","insuredRace":{"raceDescription":null,"raceCode":null},"insuredCitizenship":null,"insuredFirstName":"Dorene","insuredLastName":"Corwin","insurancedPhoneNumber":{"phoneNumberTypeCode":"H","phoneNumber":"55555512121111","phoneNumberTypeDescription":"Home"},"insuredGroupEmployerId":null,"insuredid":"TC001010","insuredSuffix":null,"insuredAddress":{"country":null,"city":"South Wayne","postalCode":"14255","streetAddress1":"584 Donny Isle","streetAddress2":null,"state":"Arkansas"},"medicareBeneficiaryIdentifier":null,"insuredRelationToPatient":{"relationshipTypeCode":"SPO","relationshipTypeDescription":"Spouse"},"insuredMartialStatus":"M"},"insuranceAuthorizationDate":null,"insurancePlanExpirationDate":null,"insuranceCompanyPhoneNumber":{"phoneNumberTypeCode":"B","phoneNumber":"8005267322","phoneNumberTypeDescription":"Business"},"insuranceAuthorizationSource":null,"insuranceAuthorizationNumber":"Auth No precert rqd","insurancePolicyNumber":"6939","insuranceCertifiedBy":null,"insuranceCoordinationOfBenefitsPriority":null,"insuranceId":"a974ca4c-0e6e-4dee-8bde-a9ae358795a4","insuranceCertificationEndDate":null,"insuranceSequence":"1","insurancePlanName":"Aetna","insuranceCertificationNumber":null,"insuranceCoverageType":null,"insuranceNoticedOfAdmissionDate":null,"insuranceVerificationDate":null,"insuranceGroupName":"NRECA AMERICAS ELECTRIC ","insurancePlanEffectiveDate":"2021-01-25T00:00:00","insurancePlanId":"sp","insuranceCertificationBeginDate":null,"insurancePlanType":null,"insuranceAssignmentOfBenefits":null,"insuranceNoticedOfAdmissionRequired":null,"insuranceCompanyAddress":{"country":"USAAA","city":"Salt Lake City","postalCode":"84130-0515","streetAddress1":"Po Box 30515","streetAddress2":"Po Box 30515A","state":"UT"},"insuranceCoordinationOfBenefits":null,"insuranceGroupNumber":"76411406","insurancePreAdmitCertification":null},{"insured":{"insuredGender":{"genderDescription":"Male","genderCode":"M"},"insuredEmployerAddress":{"country":"USA","city":"SEGUIN","postalCode":"78155","streetAddress1":"unknown","streetAddress2":"test","state":"TX"},"InsuredDateOfBirth":"1980-02-27T00:00:00","insuredEmployementStatus":"Unknown","InsuredMiddleInitial":"S","insuredGroupEmployerName":"TEC","insuredRace":{"raceDescription":"test","raceCode":"0-213"},"insuredCitizenship":"89589","insurancedPhoneNumber":{"phoneNumberTypeCode":"H","phoneNumber":"8305600391","phoneNumberTypeDescription":"Home"},"insuredGroupEmployerId":"testre123","InsuredFirstName":"Joetestt","insuredid":"TC004001","InsuredLastName":"testCorwint","InsuredSuffix":null,"InsuredSSN":"959-85-5348","insuredAddress":{"country":"test","city":"South Wayne","postalCode":"14255","streetAddress1":"584 Donny Isle","streetAddress2":"test","state":"Arkansas"},"medicareBeneficiaryIdentifier":"test","insuredRelationToPatient":{"relationshipTypeCode":"SEL","relationshipTypeDescription":"Self"},"insuredMartialStatus":"M"},"insuranceAuthorizationDate":"2021-01-25T00:00:00","insurancePlanExpirationDate":null,"insuranceCompanyPhoneNumber":{"phoneNumberTypeCode":"B","phoneNumber":"8005267322","phoneNumberTypeDescription":"Business"},"insuranceAuthorizationSource":"test","insuranceAuthorizationNumber":"Auth No precert rqd","insurancePolicyNumber":"TC001008","insuranceCertifiedBy":"test","insuranceCoordinationOfBenefitsPriority":"test","insuranceId":"f1b546b6-62ad-4ec6-8c63-b41840e42ad5","insuranceCertificationEndDate":"2021-01-25T00:00:00","insuranceSequence":"2","insurancePlanName":"Aetna","insuranceCertificationNumber":"2021-01-25T00:00:00","insuranceCoverageType":"test","insuranceNoticedOfAdmissionDate":"2021-01-25T00:00:00","insuranceVerificationDate":"2021-01-25T00:00:00","insuranceGroupName":"SEGUIN INDEPENDENT SCHOOL DIST SEGUIN INDEPENDENTs","insurancePlanEffectiveDate":"2021-01-25T00:00:00","insurancePlanId":"1456","insuranceCertificationBeginDate":"2021-01-25T00:00:00","insurancePlanType":null,"insuranceAssignmentOfBenefits":"test","insuranceNoticedOfAdmissionRequired":"test","insuranceCompanyAddress":{"country":"USA","city":"Salt Lake City","postalCode":"84130-0515","streetAddress1":"Po Box 30515","streetAddress2":"Test Street","state":"UT"},"insuranceCoordinationOfBenefits":"test","insuranceGroupNumber":"TC001005","insurancePreAdmitCertification":"2021-01-25T00:00:00"},{"InsuranceAssignmentOfBenefits":null,"InsurancePlanType":null,"InsuranceGroupName":"N\/A","InsurancePlanExpirationDate":null,"InsuranceCompanyPhoneNumber":{"PhoneNumberTypeDescription":"Business","PhoneNumber":"8303792411","PhoneNumberTypeCode":"B"},"InsuranceCoordinationOfBenefits":null,"InsuranceAuthorizationSource":null,"InsurancePolicyNumber":"N\/A","InsuranceCoordinationOfBenefitsPriority":null,"InsuranceGroupNumber":"N\/A","InsuranceCertificationBeginDate":null,"InsuranceAuthorizationNumber":null,"InsuranceNoticedOfAdmissionDate":null,"InsuranceCoverageType":null,"InsuranceCertificationNumber":null,"InsuranceNoticedOfAdmissionRequired":null,"Insured":{"InsuredGender":{"GenderCode":"U","GenderDescription":"Unknown"},"InsuredDateOfBirth":"2021-01-01","Insuredid":"TC004001","InsuredGroupEmployerId":null,"InsuredRelationToPatient":{"RelationshipTypeCode":"UNK","RelationshipTypeDescription":"Unknown"},"InsuredMiddleInitial":"J","InsuredRace":null,"InsuredAddress":{"State":null,"PostalCode":null,"Country":"CCC","City":null,"StreetAddress2":null,"StreetAddress1":null},"InsurancedPhoneNumber":{"PhoneNumberTypeDescription":"Home","PhoneNumber":"9998887777","PhoneNumberTypeCode":"H"},"InsuredCitizenship":null,"InsuredFirstName":"Joe","InsuredMartialStatus":null,"InsuredGroupEmployerName":null,"InsuredEmployementStatus":null,"InsuredLastName":"Corwin","InsuredSSN":null,"InsuredEmployerAddress":{"State":null,"PostalCode":null,"Country":"VVV","City":null,"StreetAddress2":null,"StreetAddress1":null}},"InsuranceAuthorizationDate":null,"InsurancePreAdmitCertification":null,"InsuranceSequence":"3","InsuranceCertificationEndDate":null,"InsuranceCertifiedBy":null,"InsurancePlanId":"1456","InsurancePlanName":"SELF PAY ACCOUNT","InsuranceVerificationDate":null,"InsuranceCompanyAddress":{"State":"TX","PostalCode":"75093","Country":"US","City":"Plano","StreetAddress2":"Building 1","StreetAddress1":"123 Pelitas Dr"},"InsurancePlanEffectiveDate":"2021-01-01T00:00:00.0000000"}],"Guarantor":[{"GuarantorRace":{"RaceCode":"2131-1","RaceDescription":"Other Race"},"GuarantorEmployerAddress":[{"State":"TX","PostalCode":"78155","Country":null,"City":"Seguin","StreetAddress2":null,"StreetAddress1":"206 S Austin Street"}],"GuarantorNumber":"123456789","GuarantorLanguage":{"LanguageCode":"un","LanguageDescription":"Unknown"},"GuarantorEmployementStatus":"Unknown","GuarantorEthnicity":null,"GuarantorReligion":null,"GuarantorCitizenship":null,"GuarantorGender":{"GenderCode":"U","GenderDescription":"Unknown"},"GuarantorMiddleInitial":"E","GuarantorEmployerName":"THUNDER PA","GuarantorMaritalStatus":null,"GuarantorSpouseLastName":null,"GuarantorDateOfBirth":"1972-02-01","GuarantorFirstName":"$$$Mary","GuarantorAddress":[{"State":"TX","PostalCode":"75002","Country":null,"City":"Lucas","AddressType":{"AddressDescription":"Home","AddressCode":"H"},"StreetAddress2":null,"StreetAddress1":"1045 CLOVE GLEN"}],"GuarantorLastName":"$$$Adams","GuarantorSSN":"666602553","GuarantorEmail":null,"GuarantorSpouseFirstName":null,"GuarantorId":"14cffefc-971f-41d6-9324-bce5f587669a","GuarantorRelationToPatient":{"RelationshipTypeCode":"SEL","RelationshipTypeDescription":"Self"},"GuarantorPhoneNumber":[{"PhoneNumberTypeDescription":"Mobile","PhoneNumber":"4999999999","PhoneNumberTypeCode":"M"}]}],"Observation":[],"DRG":[{"DRG":"38","DRGAssignedDateTime":""}],"SchemaVersionNum":"1.0","Procedure":[{"ProcedureType":"test","ProcedureModifierList":[{"ModifierCode":"A1"}],"LastUpdateBy":"3","CreatedBy":"3","ProcedureProvider":[{"ProviderLastName":"Reck","ProviderType":{"ProviderTypeCode":"01","ProviderTypeDescription":"General practice"},"ProviderNPI":"464697839","ProviderFirstName":"David"}],"ProcedureDate":"1990-01-01 00:00:00.0000000","LastUpdateDateUTC":"","ProcedureAthesiaCode":"0110","ProcedureAnthesiaMinutes":"1000","CreatedDateUTC":"","ProcedurePriority":"high","ExpirationDateUTC":"","CreatedByType":"","ProcedureName":{"ProcedureCode":"80053","ProcedureDescription":"Skin full graft add-on"},"LastUpdateByType":"","ProcedureAssociatedDiagnosisCode":"1234","ProcedureNumber":"1"},{"procedureType":null,"procedureAssociatedDiagnosisCode":null,"procedureModifier":"test Modifier sick","procedureAnthesiaMinutes":null,"procedureNumber":"2","procedureDate":null,"procedureName":{"procedureCode":"80061","procedureDescription":"test sick"},"procedurePriority":null,"procedureProvider":[],"procedureAthesiaCode":null}],"FacilityTimeZoneOffSet":"-05:00","Diagnosis":[{"diagnosisClassification":null,"diagnosisType":"Admitting","diagnosisAssertationDateTime":null,"diagnosisDateTime":null,"diagnosingClinician":[],"diagnosisDescription":{"diagnosisName":"G40.309, acute on chronic systolic heart failure","diagnosisCode":"G40.309"},"diagnosisConfidentialIndicator":null}]}