{"Appointment":{"AppointmentReason":"Imaging","AppointmentGeneralResource":[],"AppointmentType":"Normal","AppointmentStartDate":"2022-06-10T15:00:00.000","AppointmentId":"1612214166V2","AppointmentNote":[],"AppointmentDurationUnits":"min","AppointmentStatus":"","AppointmentEndDate":"2022-06-10T15:00:00.000","AppointmentDuration":"30","AppointmentService":[]},"PatientContact":[{"ContactAddress":[{"AddressTypeDescription":"Home","State":"Wyoming","AddressTypeCode":"H","PostalCode":"96298","Country":"","City":"Lupeport","StreetAddress2":"Apt. 100","StreetAddress1":"411 Smith Lane"}],"ConctactOrganizationName":"","ContactMiddleInitial":"","ContactType":{"ContactCode":"N","ContactDescription":"Next-of-Kin"},"ContactPhoneNumber":[{"PhoneNumberTypeDescription":"Mobile","PhoneNumber":"8320304002","PhoneNumberTypeCode":"M"},{"PhoneNumberTypeDescription":"Mobile","PhoneNumber":"8320304002","PhoneNumberTypeCode":"H"}],"ContactRelationToPatient":{"RelationshipTypeCode":"SPO","RelationshipTypeDescription":"Spouse"},"ContactFirstName":"Jim","ContactLastName":"Barton"},{"ContactAddress":[],"ConctactOrganizationName":"Collins Aerospace","ContactMiddleInitial":"","ContactType":{"ContactCode":"E","ContactDescription":"Employer"},"ContactPhoneNumber":[{"PhoneNumberTypeDescription":"Business","PhoneNumber":"8320304002","PhoneNumberTypeCode":"B"}],"ContactRelationToPatient":{"RelationshipTypeCode":"UNK","RelationshipTypeDescription":"Unknown"},"ContactFirstName":"","ContactLastName":""}],"Visit":{"PatientResponsibilityEstimate":"","PatientType":{"PatientTypeCode":"CLI","PatientTypeDescription":"CLINICAL PATIENTS"},"VisitProvider":[{"PersonnelSuffix":"MD","ProviderLastName":"Miller","ProviderType":{"ProviderTypeCode":"AT","ProviderTypeDescription":"Attending"},"ProviderNPI":"2130813713","ProviderFirstName":"John"},{"PersonnelSuffix":"MD","ProviderLastName":"Wall","ProviderType":{"ProviderTypeCode":"AD","ProviderTypeDescription":"Admitting"},"ProviderNPI":"2130813713","ProviderFirstName":"Jhon"},{"PersonnelSuffix":"MD","ProviderLastName":"Smith","ProviderType":{"ProviderTypeCode":"RP","ProviderTypeDescription":"Referring Provider"},"ProviderNPI":"2130813713","ProviderFirstName":"Tom"}],"VisitService":"Laboratory","FinancialClass":{"FinancialClassCode":"SP","FinancialClassDescription":"SELF"},"CurrentBalance":"","VisitLocation":{"LocationRoom":"255 MD","LocationBuilding":"","LocationFloor":"","LocationDescription":"","LocationPointOfCare":{"PointofCareCode":"MFM","PointofCareDescription":"Maternal Fetal Medicine"},"LocationBed":"1","LocationFacility":"","LocationType":""},"VisitNumber":"A1612214166","VisitDate":"2022-06-10T15:00:00.000","PatientClass":{"PatientClassDescription":"Inpatient","PatientClassCode":"I"},"AccountNumber":"A1612214166","PreAdmissionNumber":"","VisitReadmisisonIndicator":"","VisitAdmissionReason":"hurt","AdmitSource":{"AdmitSourceCode":"7","AdmitSourceDescription":"Emergency room"},"AdmitType":{"AdmitTypeCode":"R","AdmitTypeDescription":"Routine"},"VisitDischargeDate":"","VisitLengthOfStay":"36","VisitNewbornIndicator":"No"},"ModuleSubscription":[{"ModuleRefId":0}],"Patient":{"TenantPatientIdentifier":[{"TenantPatientIdentifierType":"MR","TenantPatientId":"A1612214166","TenantPatientIdentifierDescription":"Medical Record Number"},{"TenantPatientIdentifierType":"SSN","TenantPatientId":"222-32-8888","TenantPatientIdentifierDescription":"Social Security Number"},{"TenantPatientIdentifierType":"EPI","TenantPatientId":"A1612214166","TenantPatientIdentifierDescription":"Enterprise Patient Identifier"},{"TenantPatientIdentifierType":"PI","TenantPatientId":"A3592016361","TenantPatientIdentifierDescription":"Patient Internal Identifier"}],"PatientFirstName":"Test","PatientDateOfBirth":"1986-01-14","PatientGender":{"GenderCode":"M","GenderDescription":"Male"},"Religion":"Other","Citizenship":"US","PatientRace":{"RaceCode":"2106-3","RaceDescription":"White"},"PatientMultipleBirthOrder":"","Nationality":"US","PrimaryCareProvider":[{"ProviderLastName":"WRIGHT","ProviderType":{"ProviderTypeCode":"PP","ProviderTypeDescription":"Primary Care Provider"},"ProviderNPI":"1376525618","ProviderFirstName":"FRANK"}],"PatientMotherIdentifier":[],"MaritalStatus":"D","Occupation":"Engineer","Ethnicity":"NH","PatientLanguage":{"LanguageCode":"en","LanguageDescription":"English"},"DeceasedDateTime":"","PatientAddress":[{"AddressTypeDescription":"Home","State":"Utah","AddressTypeCode":"H","PostalCode":"04334","Country":"USA","City":"South Fritzmouth","StreetAddress2":"","StreetAddress1":"226 Waelchi Lakes"}],"PatientPhoneNumber":[{"PhoneNumberTypeDescription":"Mobile","PhoneNumber":"7995646635","PhoneNumberTypeCode":"M"},{"PhoneNumberTypeDescription":"Home","PhoneNumber":"7995646635","PhoneNumberTypeCode":"H"}],"PatientEmailAddress":"David.Rack@gmail.com","PatientLastName":"Automation","IsEmployed":"Y","PatientMiddleInitial":"A","PatientMultipleBirthIndicator":"","IsDeceased":""},"TenantId":"18FDB1EF-1C3B-400E-9893-4DE5371AD68E","Accident":{"AutoAccidentState":"IN","AccidentDateTime":"2020-08-05T23:40:16.000-04:00","AccidentLocation":"At home test location","AccidentJobRelatedIndicator":"No","AccidentAddress":{"State":"IN","PostalCode":"37095","Country":"UNITED STATES","City":"Lafayette","StreetAddress2":"apt 1","StreetAddress1":"123 street"},"AccidentCode":"ACC","AccidentDeathIndicator":"No"},"ClaimOccurance":[{"OccuranceCode":"","OccuranceDate":""}],"Transaction":[{"EmployeeLastName":"Automation","EmployeeFirstName":"Testing","EventType":{"EventTypeCode":"S12","EventTypeDescription":"New Appointment"},"DocVersionNum":"0","EventDateTime":"2020-10-21T20:24:00.000","FacilityCode":"PRC01","EmployeeId":"3C00C4D8-1E0E-473D-9E64-2C79DA15A1CC","MessageType":"SIU","MessageId":"1364086009990"}],"Insurance":[{"insured":{"insuredMiddleInitial":"","insuredGender":{"genderDescription":"Male","genderCode":"M"},"insuredDateOfBirth":"2000-10-10T00:00:00","insuredEmployerAddress":{"country":"US","city":"SEGUIN","postalCode":"78155","streetAddress1":"584 Donny Isle","streetAddress2":"585 Donny Isle","state":"TX"},"insuredSSN":"967-85-5348","insuredEmployementStatus":"Unknown","insuredGroupEmployerName":"TEC","insuredRace":{"raceDescription":null,"raceCode":null},"insuredCitizenship":null,"insuredFirstName":"Srinivas","insuredLastName":"Patel","insurancedPhoneNumber":{"phoneNumberTypeCode":"H","phoneNumber":"8305600391","phoneNumberTypeDescription":"Home"},"insuredGroupEmployerId":null,"insuredid":"TC001010","insuredSuffix":null,"insuredAddress":{"country":"US","city":"South Wayne","postalCode":"14255","streetAddress1":"584 Donny Isle","streetAddress2":"585 Donny Isle","state":"Arkansas"},"medicareBeneficiaryIdentifier":null,"insuredRelationToPatient":{"relationshipTypeCode":"SEL","relationshipTypeDescription":"Self"},"insuredMartialStatus":"M"},"insuranceAuthorizationDate":null,"insurancePlanExpirationDate":"2022-01-25T00:00:00","insuranceCompanyPhoneNumber":{"phoneNumberTypeCode":"B","phoneNumber":"8005267322","phoneNumberTypeDescription":"Business"},"insuranceAuthorizationSource":null,"insuranceAuthorizationNumber":"Auth No precert rqd","insurancePolicyNumber":"TC001001","insuranceCertifiedBy":null,"insuranceCoordinationOfBenefitsPriority":null,"insuranceCertificationEndDate":null,"insuranceSequence":"1","insurancePlanName":"Non Self","insuranceCertificationNumber":null,"insuranceCoverageType":null,"insuranceNoticedOfAdmissionDate":null,"insuranceVerificationDate":null,"insuranceGroupName":"SEGUIN INDEPENDENT SCHOOL DIST","insurancePlanEffectiveDate":"2021-01-25T00:00:00","insurancePlanId":"MAY31","insuranceCertificationBeginDate":null,"insurancePlanType":null,"insuranceAssignmentOfBenefits":null,"insuranceNoticedOfAdmissionRequired":null,"insuranceCompanyAddress":{"country":"US","city":"Salt Lake City","postalCode":"84130-0515","streetAddress1":"Po Box 30515123","streetAddress2":"Po Box 30515124","state":"UT"},"insuranceCoordinationOfBenefits":null,"insuranceGroupNumber":"TC06001","insurancePreAdmitCertification":null},{"insured":{"insuredMiddleInitial":"","insuredGender":{"genderDescription":"Male","genderCode":"M"},"insuredDateOfBirth":"2000-10-10T00:00:00","insuredEmployerAddress":{"country":"US","city":"SEGUIN","postalCode":"78155","streetAddress1":"584 Donny Isle","streetAddress2":"585 Donny Isle","state":"TX"},"insuredSSN":"967-85-5348","insuredEmployementStatus":"Unknown","insuredGroupEmployerName":"TEC","insuredRace":{"raceDescription":null,"raceCode":null},"insuredCitizenship":null,"insuredFirstName":"Srinivas","insuredLastName":"Patel","insurancedPhoneNumber":{"phoneNumberTypeCode":"H","phoneNumber":"8305600391","phoneNumberTypeDescription":"Home"},"insuredGroupEmployerId":null,"insuredid":"TC001010","insuredSuffix":null,"insuredAddress":{"country":"US","city":"South Wayne","postalCode":"14255","streetAddress1":"584 Donny Isle","streetAddress2":"585 Donny Isle","state":"Arkansas"},"medicareBeneficiaryIdentifier":null,"insuredRelationToPatient":{"relationshipTypeCode":"SEL","relationshipTypeDescription":"Self"},"insuredMartialStatus":"M"},"insuranceAuthorizationDate":null,"insurancePlanExpirationDate":"2022-01-25T00:00:00","insuranceCompanyPhoneNumber":{"phoneNumberTypeCode":"B","phoneNumber":"8005267322","phoneNumberTypeDescription":"Business"},"insuranceAuthorizationSource":null,"insuranceAuthorizationNumber":"Auth No precert rqd","insurancePolicyNumber":"TC001001","insuranceCertifiedBy":null,"insuranceCoordinationOfBenefitsPriority":null,"insuranceCertificationEndDate":null,"insuranceSequence":"2","insurancePlanName":"Non Self","insuranceCertificationNumber":null,"insuranceCoverageType":null,"insuranceNoticedOfAdmissionDate":null,"insuranceVerificationDate":null,"insuranceGroupName":"SEGUIN INDEPENDENT SCHOOL DIST","insurancePlanEffectiveDate":"2021-01-25T00:00:00","insurancePlanId":"MAY31","insuranceCertificationBeginDate":null,"insurancePlanType":null,"insuranceAssignmentOfBenefits":null,"insuranceNoticedOfAdmissionRequired":null,"insuranceCompanyAddress":{"country":"US","city":"Salt Lake City","postalCode":"84130-0515","streetAddress1":"Po Box 30515123","streetAddress2":"Po Box 30515124","state":"UT"},"insuranceCoordinationOfBenefits":null,"insuranceGroupNumber":"TC06001","insurancePreAdmitCertification":null},{"insured":{"insuredMiddleInitial":"","insuredGender":{"genderDescription":"Male","genderCode":"M"},"insuredDateOfBirth":"2000-10-10T00:00:00","insuredEmployerAddress":{"country":"US","city":"SEGUIN","postalCode":"78155","streetAddress1":"584 Donny Isle","streetAddress2":"585 Donny Isle","state":"TX"},"insuredSSN":"967-85-5348","insuredEmployementStatus":"Unknown","insuredGroupEmployerName":"TEC","insuredRace":{"raceDescription":null,"raceCode":null},"insuredCitizenship":null,"insuredFirstName":"Srinivas","insuredLastName":"Patel","insurancedPhoneNumber":{"phoneNumberTypeCode":"H","phoneNumber":"8305600391","phoneNumberTypeDescription":"Home"},"insuredGroupEmployerId":null,"insuredid":"TC001010","insuredSuffix":null,"insuredAddress":{"country":"US","city":"South Wayne","postalCode":"14255","streetAddress1":"584 Donny Isle","streetAddress2":"585 Donny Isle","state":"Arkansas"},"medicareBeneficiaryIdentifier":null,"insuredRelationToPatient":{"relationshipTypeCode":"SEL","relationshipTypeDescription":"Self"},"insuredMartialStatus":"M"},"insuranceAuthorizationDate":null,"insurancePlanExpirationDate":"2022-01-25T00:00:00","insuranceCompanyPhoneNumber":{"phoneNumberTypeCode":"B","phoneNumber":"8005267322","phoneNumberTypeDescription":"Business"},"insuranceAuthorizationSource":null,"insuranceAuthorizationNumber":"Auth No precert rqd","insurancePolicyNumber":"TC001001","insuranceCertifiedBy":null,"insuranceCoordinationOfBenefitsPriority":null,"insuranceCertificationEndDate":null,"insuranceSequence":"3","insurancePlanName":"Non Self","insuranceCertificationNumber":null,"insuranceCoverageType":null,"insuranceNoticedOfAdmissionDate":null,"insuranceVerificationDate":null,"insuranceGroupName":"SEGUIN INDEPENDENT SCHOOL DIST","insurancePlanEffectiveDate":"2021-01-25T00:00:00","insurancePlanId":"MAY31","insuranceCertificationBeginDate":null,"insurancePlanType":null,"insuranceAssignmentOfBenefits":null,"insuranceNoticedOfAdmissionRequired":null,"insuranceCompanyAddress":{"country":"US","city":"Salt Lake City","postalCode":"84130-0515","streetAddress1":"Po Box 30515123","streetAddress2":"Po Box 30515124","state":"UT"},"insuranceCoordinationOfBenefits":null,"insuranceGroupNumber":"TC06001","insurancePreAdmitCertification":null}],"Guarantor":[{"GuarantorRace":{"RaceCode":"2131-1","RaceDescription":"Other Race"},"GuarantorEmployerAddress":[{"State":"Rhode Island","PostalCode":"78155","Country":"USA","City":"Bergeton","AddressType":{"AddressDescription":"Business","AddressCode":"B"},"StreetAddress2":"","StreetAddress1":"4708 Geraldo Mountain"}],"GuarantorNumber":"GN00000001","GuarantorLanguage":{"LanguageCode":"un","LanguageDescription":"Unknown"},"GuarantorEmployementStatus":"Unknown","GuarantorEthnicity":"","GuarantorCitizenship":"US","GuarantorReligion":"Other","GuarantorGender":{"GenderCode":"U","GenderDescription":"Unknown"},"GuarantorMiddleInitial":"MH","GuarantorEmployerName":"UE","GuarantorSpouseLastName":"FIRSHT","GuarantorMaritalStatus":"D","GuarantorDateOfBirth":"1979-08-29T11:00:00-05:00","GuarantorFirstName":"Jeff","GuarantorAddress":[{"State":"Rhode Island","PostalCode":"78155","Country":"USA","City":"Bergeton","AddressType":{"AddressDescription":"Home","AddressCode":"H"},"StreetAddress2":"","StreetAddress1":"4708 Geraldo Mountain"}],"GuarantorLastName":"Barton","GuarantorSSN":"633-41-1885","GuarantorEmail":"TESTMAIL@MAIL.COM","GuarantorSpouseFirstName":"LAST","GuarantorRelationToPatient":{"RelationshipTypeCode":"SPO","RelationshipTypeDescription":"Spouse"},"GuarantorPhoneNumber":[{"PhoneNumberTypeDescription":"Mobile","PhoneNumber":"7726316070","PhoneNumberTypeCode":"M"},{"PhoneNumberTypeDescription":"Home","PhoneNumber":"7726316070","PhoneNumberTypeCode":"H"}]}],"Observation":[{"ObservationAbnormalFlag":[],"ObservationType":"ST","ObservationResponsibleObserver":{},"ObservationProbability":"","ObservationNumber":"1010.3","ObservationLastNormalResultDate":"","ObservationProducerId":"","ObservationNatureOfAbnormalTest":[],"ObservationUnits":"cm","ObservationRange":"","ObservationResultStatus":"F","ObservationDateTime":"2020-09-15T17:14:00.000","ObservationValue":["168"]},{"ObservationAbnormalFlag":[],"ObservationType":"TX","ObservationResponsibleObserver":{},"ObservationProbability":"","ObservationNumber":"A1C.GRMC","ObservationLastNormalResultDate":"","ObservationProducerId":"","ObservationNatureOfAbnormalTest":[],"ObservationUnits":"","ObservationRange":"","ObservationResultStatus":"F","ObservationDateTime":"","ObservationValue":["156"]},{"ObservationAbnormalFlag":[],"ObservationType":"CE","ObservationResponsibleObserver":{},"ObservationProbability":"","ObservationNumber":"CARD.ED","ObservationLastNormalResultDate":"","ObservationProducerId":"","ObservationNatureOfAbnormalTest":[],"ObservationUnits":"","ObservationRange":"","ObservationResultStatus":"F","ObservationDateTime":"","ObservationValue":["2"]},{"ObservationAbnormalFlag":[],"ObservationType":"TX","ObservationResponsibleObserver":{},"ObservationProbability":"","ObservationNumber":"GC.A1CDATE.GRMC","ObservationLastNormalResultDate":"","ObservationProducerId":"","ObservationNatureOfAbnormalTest":[],"ObservationUnits":"","ObservationRange":"","ObservationResultStatus":"F","ObservationDateTime":"","ObservationValue":["20200914"]},{"ObservationAbnormalFlag":[],"ObservationType":"TX","ObservationResponsibleObserver":{},"ObservationProbability":"","ObservationNumber":"GC.DM.GRMC","ObservationLastNormalResultDate":"","ObservationProducerId":"","ObservationNatureOfAbnormalTest":[],"ObservationUnits":"","ObservationRange":"","ObservationResultStatus":"F","ObservationDateTime":"","ObservationValue":["Y"]},{"ObservationAbnormalFlag":[],"ObservationType":"TX","ObservationResponsibleObserver":{},"ObservationProbability":"","ObservationNumber":"GC.DMAGEDX.GRMC","ObservationLastNormalResultDate":"","ObservationProducerId":"","ObservationNatureOfAbnormalTest":[],"ObservationUnits":"","ObservationRange":"","ObservationResultStatus":"F","ObservationDateTime":"","ObservationValue":["16"]},{"ObservationAbnormalFlag":[],"ObservationType":"TX","ObservationResponsibleObserver":{},"ObservationProbability":"","ObservationNumber":"GC.DMDTDX.GRMC","ObservationLastNormalResultDate":"","ObservationProducerId":"","ObservationNatureOfAbnormalTest":[],"ObservationUnits":"","ObservationRange":"","ObservationResultStatus":"F","ObservationDateTime":"","ObservationValue":["unknown"]},{"ObservationAbnormalFlag":[],"ObservationType":"CE","ObservationResponsibleObserver":{},"ObservationProbability":"","ObservationNumber":"GC.EDULVL.GRMC","ObservationLastNormalResultDate":"","ObservationProducerId":"","ObservationNatureOfAbnormalTest":[],"ObservationUnits":"","ObservationRange":"","ObservationResultStatus":"F","ObservationDateTime":"","ObservationValue":["5"]},{"ObservationAbnormalFlag":[],"ObservationType":"CE","ObservationResponsibleObserver":{},"ObservationProbability":"","ObservationNumber":"GC.EMPLOY.GRMC","ObservationLastNormalResultDate":"","ObservationProducerId":"","ObservationNatureOfAbnormalTest":[],"ObservationUnits":"","ObservationRange":"","ObservationResultStatus":"F","ObservationDateTime":"","ObservationValue":["3"]},{"ObservationAbnormalFlag":[],"ObservationType":"TX","ObservationResponsibleObserver":{},"ObservationProbability":"","ObservationNumber":"GC.EYEDATE","ObservationLastNormalResultDate":"","ObservationProducerId":"","ObservationNatureOfAbnormalTest":[],"ObservationUnits":"","ObservationRange":"","ObservationResultStatus":"F","ObservationDateTime":"","ObservationValue":["20200224"]},{"ObservationAbnormalFlag":[],"ObservationType":"TX","ObservationResponsibleObserver":{},"ObservationProbability":"","ObservationNumber":"GC.EYEEX.GRMC","ObservationLastNormalResultDate":"","ObservationProducerId":"","ObservationNatureOfAbnormalTest":[],"ObservationUnits":"","ObservationRange":"","ObservationResultStatus":"F","ObservationDateTime":"","ObservationValue":["Y"]},{"ObservationAbnormalFlag":[],"ObservationType":"TX","ObservationResponsibleObserver":{},"ObservationProbability":"","ObservationNumber":"GC.FOOTEX.GRMC","ObservationLastNormalResultDate":"","ObservationProducerId":"","ObservationNatureOfAbnormalTest":[],"ObservationUnits":"","ObservationRange":"","ObservationResultStatus":"F","ObservationDateTime":"","ObservationValue":["Y"]},{"ObservationAbnormalFlag":[],"ObservationType":"CE","ObservationResponsibleObserver":{},"ObservationProbability":"","ObservationNumber":"GC.LIVING.GRMC","ObservationLastNormalResultDate":"","ObservationProducerId":"","ObservationNatureOfAbnormalTest":[],"ObservationUnits":"","ObservationRange":"","ObservationResultStatus":"F","ObservationDateTime":"","ObservationValue":["3"]},{"ObservationAbnormalFlag":[],"ObservationType":"CE","ObservationResponsibleObserver":{},"ObservationProbability":"","ObservationNumber":"GC.MARSTA.GRMC","ObservationLastNormalResultDate":"","ObservationProducerId":"","ObservationNatureOfAbnormalTest":[],"ObservationUnits":"","ObservationRange":"","ObservationResultStatus":"F","ObservationDateTime":"","ObservationValue":["2"]},{"ObservationAbnormalFlag":[],"ObservationType":"TX","ObservationResponsibleObserver":{},"ObservationProbability":"","ObservationNumber":"GU.CATHDI","ObservationLastNormalResultDate":"","ObservationProducerId":"","ObservationNatureOfAbnormalTest":[],"ObservationUnits":"","ObservationRange":"","ObservationResultStatus":"F","ObservationDateTime":"","ObservationValue":["20201016"]},{"ObservationAbnormalFlag":[],"ObservationType":"CE","ObservationResponsibleObserver":{},"ObservationProbability":"","ObservationNumber":"NEURO.PAPP","ObservationLastNormalResultDate":"","ObservationProducerId":"","ObservationNatureOfAbnormalTest":[],"ObservationUnits":"","ObservationRange":"","ObservationResultStatus":"F","ObservationDateTime":"","ObservationValue":["2"]},{"ObservationAbnormalFlag":[],"ObservationType":"TX","ObservationResponsibleObserver":{},"ObservationProbability":"","ObservationNumber":"OH.ST1PR.GRMC","ObservationLastNormalResultDate":"","ObservationProducerId":"","ObservationNatureOfAbnormalTest":[],"ObservationUnits":"","ObservationRange":"","ObservationResultStatus":"F","ObservationDateTime":"","ObservationValue":["80"]},{"ObservationAbnormalFlag":[],"ObservationType":"TX","ObservationResponsibleObserver":{},"ObservationProbability":"","ObservationNumber":"PCM.FTDATE","ObservationLastNormalResultDate":"","ObservationProducerId":"","ObservationNatureOfAbnormalTest":[],"ObservationUnits":"","ObservationRange":"","ObservationResultStatus":"F","ObservationDateTime":"","ObservationValue":["20200225"]},{"ObservationAbnormalFlag":[],"ObservationType":"TX","ObservationResponsibleObserver":{},"ObservationProbability":"","ObservationNumber":"PCM.P.ALINE","ObservationLastNormalResultDate":"","ObservationProducerId":"","ObservationNatureOfAbnormalTest":[],"ObservationUnits":"","ObservationRange":"","ObservationResultStatus":"F","ObservationDateTime":"","ObservationValue":[]},{"ObservationAbnormalFlag":[],"ObservationType":"TX","ObservationResponsibleObserver":{},"ObservationProbability":"","ObservationNumber":"PCM.P.CL","ObservationLastNormalResultDate":"","ObservationProducerId":"","ObservationNatureOfAbnormalTest":[],"ObservationUnits":"","ObservationRange":"","ObservationResultStatus":"F","ObservationDateTime":"","ObservationValue":[]},{"ObservationAbnormalFlag":[],"ObservationType":"TX","ObservationResponsibleObserver":{},"ObservationProbability":"","ObservationNumber":"PCM.P.INTUBATE","ObservationLastNormalResultDate":"","ObservationProducerId":"","ObservationNatureOfAbnormalTest":[],"ObservationUnits":"","ObservationRange":"","ObservationResultStatus":"F","ObservationDateTime":"","ObservationValue":[]},{"ObservationAbnormalFlag":[],"ObservationType":"TX","ObservationResponsibleObserver":{},"ObservationProbability":"","ObservationNumber":"PCM.P.PRECATH","ObservationLastNormalResultDate":"","ObservationProducerId":"","ObservationNatureOfAbnormalTest":[],"ObservationUnits":"","ObservationRange":"","ObservationResultStatus":"F","ObservationDateTime":"","ObservationValue":[]},{"ObservationAbnormalFlag":[],"ObservationType":"TX","ObservationResponsibleObserver":{},"ObservationProbability":"","ObservationNumber":"PCM.P.USCL","ObservationLastNormalResultDate":"","ObservationProducerId":"","ObservationNatureOfAbnormalTest":[],"ObservationUnits":"","ObservationRange":"","ObservationResultStatus":"F","ObservationDateTime":"","ObservationValue":[]},{"ObservationAbnormalFlag":[],"ObservationType":"TX","ObservationResponsibleObserver":{},"ObservationProbability":"","ObservationNumber":"PCM.PHQ-9","ObservationLastNormalResultDate":"","ObservationProducerId":"","ObservationNatureOfAbnormalTest":[],"ObservationUnits":"","ObservationRange":"","ObservationResultStatus":"F","ObservationDateTime":"","ObservationValue":["Y"]},{"ObservationAbnormalFlag":[],"ObservationType":"TX","ObservationResponsibleObserver":{},"ObservationProbability":"","ObservationNumber":"PCM.PHQ-DT","ObservationLastNormalResultDate":"","ObservationProducerId":"","ObservationNatureOfAbnormalTest":[],"ObservationUnits":"","ObservationRange":"","ObservationResultStatus":"F","ObservationDateTime":"","ObservationValue":["20200915"]},{"ObservationAbnormalFlag":[],"ObservationType":"CE","ObservationResponsibleObserver":{},"ObservationProbability":"","ObservationNumber":"PCM.STK04","ObservationLastNormalResultDate":"","ObservationProducerId":"","ObservationNatureOfAbnormalTest":[],"ObservationUnits":"","ObservationRange":"","ObservationResultStatus":"F","ObservationDateTime":"","ObservationValue":[]},{"ObservationAbnormalFlag":[],"ObservationType":"CE","ObservationResponsibleObserver":{},"ObservationProbability":"","ObservationNumber":"PCMNOANTI2","ObservationLastNormalResultDate":"","ObservationProducerId":"","ObservationNatureOfAbnormalTest":[],"ObservationUnits":"","ObservationRange":"","ObservationResultStatus":"F","ObservationDateTime":"","ObservationValue":[]},{"ObservationAbnormalFlag":[],"ObservationType":"TX","ObservationResponsibleObserver":{},"ObservationProbability":"","ObservationNumber":"REG.PTPORTAL","ObservationLastNormalResultDate":"","ObservationProducerId":"","ObservationNatureOfAbnormalTest":[],"ObservationUnits":"","ObservationRange":"","ObservationResultStatus":"F","ObservationDateTime":"","ObservationValue":["Y"]}],"DRG":[{"DRG":"37","DRGAssignedDateTime":""}],"SchemaVersionNum":"1.0","Procedure":[{"ProcedureType":"TEST856","ProcedureModifierList":[{"ModifierCode":"A1"}],"LastUpdateBy":"","ProcedureUnits":"1","CreatedBy":"","ProcedureProvider":[{"ProviderLastName":"Patil","ProviderType":{"ProviderTypeCode":"HIPAA","ProviderTypeDescription":"Health portability and accountabilty act"},"ProviderNPI":"A7895","ProviderFirstName":"Srinivas"}],"ProcedureDate":"","LastUpdateDateUTC":"","ProcedureAthesiaCode":"TTML","ProcedureAnthesiaMinutes":"15","CreatedDateUTC":"","ProcedurePriority":"High","ExpirationDateUTC":"","CreatedByType":"","ProcedureName":{"ProcedureCode":"036415A","ProcedureDescription":"Adm SARSCoV2 30mcg\/0.3mL 1st"},"LastUpdateByType":"","ProcedureAssociatedDiagnosisCode":"ABC123","ProcedureNumber":"123"}],"FacilityTimeZoneOffSet":"-05:00","Diagnosis":[{"DiagnosisDescription":{"DiagnosisCode":"J96.21"},"DiagnosisType":"Admitting"}]}