{"PatientContact":[{"ContactAddress":[{"AddressTypeDescription":"Home","State":"TS","AddressTypeCode":"H","PostalCode":"92729","Country":"India","City":"Catherynton","StreetAddress2":"20341 Leannon Stream","StreetAddress1":"20340 Leannon Stream"}],"ContactMiddleInitial":"Sh","ContactType":{"ContactCode":"E","ContactDescription":"Employer"},"ContactPhoneNumber":[{"PhoneNumberTypeDescription":"Home","PhoneNumber":"2096080591","PhoneNumberTypeCode":"H"}],"ContactRelationToPatient":{"RelationshipTypeCode":"SPO","RelationshipTypeDescription":"Spouse"},"ContactOrganizationName":"MURPHYS WRECKER SERV","ContactFirstName":"Guadalupe","ContactLastName":"Feeney"},{"ContactAddress":[{"AddressTypeDescription":"Home","State":"Main","AddressTypeCode":"H","PostalCode":"49578-3677","Country":"USA","City":"South Othafort","StreetAddress2":"670 Franecki Meadow","StreetAddress1":"669 Franecki Meadow"}],"ContactMiddleInitial":"","ContactType":{"ContactCode":"C","ContactDescription":"Emergency Contact"},"ContactPhoneNumber":[{"PhoneNumberTypeDescription":"Mobile","PhoneNumber":"2096080591","PhoneNumberTypeCode":"M"},{"PhoneNumberTypeDescription":"Other","PhoneNumber":"9515159883","PhoneNumberTypeCode":"O"}],"ContactRelationToPatient":{"RelationshipTypeCode":"EXF","RelationshipTypeDescription":"Extended family"},"ContactOrganizationName":"Emergency","ContactFirstName":"Leida","ContactLastName":"Hand"},{"ContactAddress":[{"AddressTypeDescription":"Business","State":"Iowa","AddressTypeCode":"B","PostalCode":"65737","Country":"India","City":"Treutelfurt","StreetAddress2":"045 Courtney Centers","StreetAddress1":"044 Courtney Centers"}],"ContactMiddleInitial":"","ContactType":{"ContactCode":"E","ContactDescription":"ParentEmployer"},"ContactPhoneNumber":[{"PhoneNumberTypeDescription":"Busniess","PhoneNumber":"2096080591","PhoneNumberTypeCode":"B"}],"ContactRelationToPatient":{"RelationshipTypeCode":"UNK","RelationshipTypeDescription":"Unknown"},"ContactOrganizationName":"Thunder Paws","ContactFirstName":"","ContactLastName":"Block"}],"Visit":{"PatientResponsibilityEstimate":"","PatientType":{"PatientTypeCode":"SDC","PatientTypeDescription":"SURGICAL DAY CARE PATIENTS"},"VisitProvider":[{"ProviderLastName":"ARENAS-HERRERA","ProviderType":{"ProviderTypeCode":"AT","ProviderTypeDescription":"Attending"},"ProviderNPI":"1465510011","ProviderFirstName":"Vish","ProviderMiddleInitial":"E"},{"ProviderLastName":"WRIGHT","ProviderType":{"ProviderTypecode":"RP","ProviderTypeDescription":"Referring Provider"},"ProviderNPI":"1376525618","ProviderFirstName":"FRANK","ProviderMiddleInitial":"DAVID"},{"ProviderLastName":"ARENAS-HERRERA","ProviderType":{"ProviderTypecode":"CP","ProviderTypeDescription":"Consulting Provider"},"ProviderNPI":"1465510011","ProviderFirstName":"JUAN","ProviderMiddleInitial":"E"},{"ProviderLastName":"Vardhan","ProviderType":{"ProviderTypecode":"AD","ProviderTypeDescription":"Admitting"},"ProviderNPI":"146551","ProviderFirstName":"Vishnu"}],"VisitService":"MD","FinancialClass":{"FinancialClassCode":"BlueCross Company 34#ited Blue(Cross) Company limi","FinancialClassDescription":"BLUE CROSS"},"CurrentBalance":"15","VisitLocation":{"LocationRoom":"255 MD","LocationBuilding":"","LocationFloor":"","LocationDescription":"","LocationPointOfCare":{"PointofCareCode":"MFM","PointofCareDescription":"Birthing Center"},"LocationBed":"1","LocationFacility":"","LocationType":""},"VisitNumber":"K1742220346","VisitDate":"2022-06-23T07:47:15.112","PatientClass":{"PatientClassDescription":"InPatient","PatientClassCode":"O"},"AccountNumber":"K1742220346","PreAdmissionNumber":"","VisitReadmisisonIndicator":"","VisitAdmissionReason":"","AdmitSource":{"AdmitSourceCode":"9","AdmitSourceDescription":"Clinic"},"AdmitType":{"AdmitTypeCode":"R","AdmitTypeDescription":"RoutineOne"},"VisitDischargeDate":"2022-05-11T07:47:15.112","VisitLengthOfStay":"","VisitNewbornIndicator":""},"ModuleSubscription":[{"ModuleRefId":0}],"Patient":{"TenantPatientIdentifier":[{"TenantPatientIdentifierType":"MR","TenantPatientIdentifierDescription":"Medical Record Number","TenantPatientId":"K1742220346"},{"TenantPatientIdentifierType":"SSN","TenantPatientIdentifierDescription":"Social Security Number","TenantPatientId":"666-50-0964"},{"TenantPatientIdentifierType":"PI","TenantPatientIdentifierDescription":"Patient Internal Identifier","TenantPatientId":"Kola00186"},{"TenantPatientIdentifierType":"EPI","TenantPatientId":"K1742220346","TenantPatientIdentifierDescription":"Enterprise Patient Identifier"}],"PatientFirstName":"wrthe","PatientDateOfBirth":"1987-01-01","PatientGender":{"GenderCode":"M","GenderDescription":"Male"},"Religion":"Otherr","Citizenship":"US","PatientRace":{"RaceCode":"2106-3","RaceDescription":"White"},"PatientMultipleBirthOrder":"","Nationality":"US","PrimaryCareProvider":[{"ProviderLastName":"WRIGHT","ProviderType":{"ProviderTypeCode":"PP","ProviderTypeDescription":"Primary Care Provider"},"ProviderNPI":"1376525618","ProviderFirstName":"Vishnuu"}],"PatientMotherIdentifier":[],"MaritalStatus":"D","Occupation":"Engineer","Ethnicity":"NH","PatientLanguage":{"LanguageCode":"en","LanguageDescription":"English"},"DeceasedDateTime":"","PatientAddress":[{"AddressTypeDescription":"Home","State":"TX","AddressTypeCode":"H","PostalCode":"79705","Country":"USA","City":"MIDLAND","StreetAddress2":"BZW bcv","StreetAddress1":"903 CITATION"}],"PatientPhoneNumber":[{"PhoneNumberTypeDescription":"Mobile","PhoneNumber":"9555159894","PhoneNumberTypeCode":"M"},{"PhoneNumberTypeDescription":"Home","PhoneNumber":"7403339894","PhoneNumberTypeCode":"H"}],"PatientEmailAddress":"Vishnu.Vardhan1234@gmail.com","PatientLastName":"Vvpjv","IsEmployed":"Y","PatientMiddleInitial":"LEA","PatientMultipleBirthIndicator":"","IsDeceased":""},"TenantId":"18fdb1ef-1c3b-400e-9893-4de5371ad68e","Accident":{"AutoAccidentState":"IN","AccidentDateTime":"2021-07-20T23:40:16.000","AccidentLocation":"At home test location","AccidentJobRelatedIndicator":"No","AccidentAddress":{"State":"USA","PostalCode":"37095","Country":"UNITED STATES","City":"Lafayette","StreetAddress2":"apt 1","StreetAddress1":"123 street"},"AccidentCode":"ACCC","AccidentDeathIndicator":"No"},"ClaimOccurance":[{"OccuranceCode":"SPL","OccuranceDate":"2022-02-04T05:30:15.112"}],"Transaction":[{"EmployeeLastName":"Gaddamm","EmployeeFirstName":"Vishnuu","EventType":{"EventTypeCode":"A01","EventTypeDescription":"Admit\/visit notification"},"DocVersionNum":"0","EventDateTime":"2022-04-18T09:35:10.750","FacilityCode":"PRC01","EmployeeId":"15711","MessageType":"ADT","MessageId":"1b521426-f74c-45d4-8778-9d8829486bcd"}],"Insurance":[{"insured":{"insuredMiddleInitial":"","insuredGender":{"genderDescription":"Malee","genderCode":"M"},"insuredDateOfBirth":"2000-10-10T00:00:00","insuredEmployerAddress":{"country":"US","city":"SEGUIN","postalCode":"78155","streetAddress1":"584 Donny Isle","streetAddress2":"585 Donny Isle","state":"TX"},"insuredSSN":"967-85-5349","insuredEmployementStatus":"Active","insuredGroupEmployerName":"TEC","insuredRace":{"raceDescription":"race","raceCode":"wc"},"insuredCitizenship":"usa","insuredFirstName":"Srinivas","insuredLastName":"Patel","insurancedPhoneNumber":{"phoneNumberTypeCode":"M","phoneNumber":"2345678910","phoneNumberTypeDescription":"Mobile"},"insuredGroupEmployerId":null,"insuredid":"TC001010","insuredSuffix":null,"insuredAddress":{"country":"USA","city":"South Wayne","postalCode":"14265","streetAddress1":"584 Donny","streetAddress2":"585 Donny Isle","state":"Arkansas"},"medicareBeneficiaryIdentifier":null,"insuredRelationToPatient":{"relationshipTypeCode":"SEL","relationshipTypeDescription":"Self"},"insuredMartialStatus":"M"},"insuranceAuthorizationDate":null,"insurancePlanExpirationDate":"2022-01-25T00:00:00","insuranceCompanyPhoneNumber":{"phoneNumberTypeCode":"B","phoneNumber":"8005267322","phoneNumberTypeDescription":"Business"},"insuranceAuthorizationSource":null,"insuranceAuthorizationNumber":"Auth No precert rqd","insurancePolicyNumber":"TC001001","insuranceCertifiedBy":null,"insuranceCoordinationOfBenefitsPriority":null,"insuranceCertificationEndDate":null,"insuranceSequence":"1","insurancePlanName":"Automation_NonSelf","insuranceCertificationNumber":null,"insuranceCoverageType":null,"insuranceNoticedOfAdmissionDate":null,"insuranceVerificationDate":null,"insuranceGroupName":"SEGUIN INDEPENDENT SCHOOL DIST","insurancePlanEffectiveDate":"2021-01-25T00:00:00","insurancePlanId":"Auto2021","insuranceCertificationBeginDate":null,"insurancePlanType":"IND","insuranceAssignmentOfBenefits":null,"insuranceNoticedOfAdmissionRequired":null,"insuranceCompanyAddress":{"country":"US","city":"Salt Lake City","postalCode":"84130-0515","streetAddress1":"Po Box 30515123","streetAddress2":"Po Box 30515124","state":"UT"},"insuranceCoordinationOfBenefits":null,"insuranceGroupNumber":"TC06001","insurancePreAdmitCertification":null}],"DRG":[{"DRG":"3838","DRGAssignedDateTime":""}],"Guarantor":[],"Observation":[{"ObservationAbnormalFlag":[],"ObservationType":"ST","ObservationResponsibleObserver":{},"ObservationProbability":"","ObservationNumber":"1016.1","ObservationLastNormalResultDate":"","ObservationProducerId":"","ObservationNatureOfAbnormalTest":[],"ObservationUnits":"kg","ObservationRange":"","ObservationResultStatus":"F","ObservationDateTime":"2021-07-20T13:36:00.000","ObservationValue":["95.254397"]}],"Procedure":[{"ProcedureType":"TEST1587T","ProcedureModifierList":[{"ModifierCode":"A5"}],"LastUpdateBy":"","ProcedureUnits":"1","CreatedBy":"","ProcedureProvider":[{"ProviderLastName":"Vardhan","ProviderType":{"ProviderTypeCode":"HIPAA","ProviderTypeDescription":"Health portability and accountabilty act"},"ProviderNPI":"A7896","ProviderFirstName":"Vishnu"}],"ProcedureDate":"2022-02-04T05:30:15.112","LastUpdateDateUTC":"","ProcedureAthesiaCode":"TTML","ProcedureAnthesiaMinutes":"15","CreatedDateUTC":"","ProcedurePriority":"High","ExpirationDateUTC":"","CreatedByType":"","ProcedureName":{"ProcedureCode":"0001U","ProcedureDescription":"Red blood cell typing"},"LastUpdateByType":"","ProcedureAssociatedDiagnosisCode":"ABC123","ProcedureNumber":"1271"}],"SchemaVersionNum":"1.0","FacilityTimeZoneOffSet":"-05:00","Diagnosis":[{"DiagnosisDescription":{"DiagnosisName":"OneT","DiagnosisCode":"K22.3"},"DiagnosingClinician":[{"DiagnosingClinicianFirstName":"Vishnu","DiagnosingClinicianId":"","DiagnosingClinicianLastName":""}],"DiagnosisConfidentialIndicator":"","DiagnosisClassification":"","DiagnosisType":"Admitting","DiagnosisAssertationDateTime":"","DiagnosisDateTime":"2020-07-21T04:00:00.000"}]}