{"PatientContact":[],"Visit":{"PatientResponsibilityEstimate":"","PatientType":{"PatientTypeCode":"CLI","PatientTypeDescription":"CLINICAL PATIENTS"},"VisitProvider":[],"VisitService":"MD","FinancialClass":{"FinancialClassCode":"SP","FinancialClassDescription":""},"CurrentBalance":"100.55","VisitLocation":{"LocationRoom":"255 MD","LocationBuilding":"","LocationFloor":"","LocationDescription":"","LocationPointOfCare":{"PointofCareCode":"MFM","PointofCareDescription":"Maternal Fetal Medicine"},"LocationBed":"1","LocationFacility":"","LocationType":""},"VisitNumber":"K8322163333","VisitDate":"2022-03-24T10:15:10.753","PatientClass":{"PatientClassDescription":"Inpatient","PatientClassCode":"I"},"AccountNumber":"K8322163333","PreAdmissionNumber":"","VisitReadmisisonIndicator":"","VisitAdmissionReason":"","AdmitSource":{"AdmitSourceCode":"2","AdmitSourceDescription":"Clinic referral"},"AdmitType":{"AdmitTypeCode":"R","AdmitTypeDescription":"Routine"},"VisitDischargeDate":"","VisitLengthOfStay":"","VisitNewbornIndicator":""},"ModuleSubscription":[{"ModuleRefId":0}],"Patient":{"TenantPatientIdentifier":[{"TenantPatientIdentifierType":"MR","TenantPatientId":"K8322163333","TenantPatientIdentifierDescription":"Medical Record Number"},{"TenantPatientIdentifierType":"SSN","TenantPatientId":"633-41-1885","TenantPatientIdentifierDescription":"Social Security Number"},{"TenantPatientIdentifierType":"PI","TenantPatientId":"S360265734","TenantPatientIdentifierDescription":"Patient Internal Identifier"},{"TenantPatientIdentifierType":"EPI","TenantPatientId":"K8322163333","TenantPatientIdentifierDescription":"Enterprise Patient Identifier"}],"PatientFirstName":"icjn","PatientDateOfBirth":"1987-01-01","PatientGender":{"GenderCode":"F","GenderDescription":"Male"},"Religion":"Other","Citizenship":"US","PatientRace":{"RaceCode":"2106-3","RaceDescription":"White"},"PatientMultipleBirthOrder":"","Nationality":"US","PrimaryCareProvider":[{"ProviderLastName":"WRIGHT","ProviderType":{"ProviderTypeCode":"PP","ProviderTypeDescription":"Primary Care Provider"},"ProviderNPI":"1376525618","ProviderFirstName":"FRANK"}],"PatientMotherIdentifier":[],"MaritalStatus":"D","Occupation":"Engineer","Ethnicity":"NH","PatientLanguage":{"LanguageCode":"en","LanguageDescription":"English"},"DeceasedDateTime":"","PatientAddress":[{"AddressTypeDescription":"Home","State":"Utah","AddressTypeCode":"H","PostalCode":"524004","Country":"USA","City":"icjn","StreetAddress2":"","StreetAddress1":"226 Waelchi Lakes"}],"PatientPhoneNumber":[{"PhoneNumberTypeDescription":"Mobile","PhoneNumber":"7402221234","PhoneNumberTypeCode":"M"},{"PhoneNumberTypeDescription":"Home","PhoneNumber":"7403339876","PhoneNumberTypeCode":"H"}],"PatientEmailAddress":"icjn@gmail.com","PatientLastName":"icjn","IsEmployed":"Y","PatientMiddleInitial":"A","PatientMultipleBirthIndicator":"","IsDeceased":""},"TenantId":"18FDB1EF-1C3B-400E-9893-4DE5371AD68E","Transaction":[{"EmployeeLastName":"Gaddam","EmployeeFirstName":"Vishnu","EventType":{"EventTypeCode":"A08","EventTypeDescription":"Update"},"DocVersionNum":"0","EventDateTime":"2021-08-11T09:30:10.750","FacilityCode":"PRC01","EmployeeId":"1571","MessageType":"ADT","MessageId":"1499366"}],"Insurance":[],"Guarantor":[],"Observation":[],"DRG":[],"SchemaVersionNum":"1.0","Procedure":[{"ProcedureType":"TEST856","ProcedureModifierList":[{"ModifierCode":"A1"}],"LastUpdateBy":"","ProcedureUnits":"1","CreatedBy":"","ProcedureProvider":[{"ProviderLastName":"Patil","ProviderType":{"ProviderTypeCode":"HIPAA","ProviderTypeDescription":"Health portability and accountabilty act"},"ProviderNPI":"A7895","ProviderFirstName":"Srinivas"}],"ProcedureDate":"","LastUpdateDateUTC":"","ProcedureAthesiaCode":"TTML","ProcedureAnthesiaMinutes":"15","CreatedDateUTC":"","ProcedurePriority":"High","ExpirationDateUTC":"","CreatedByType":"","ProcedureName":{"ProcedureCode":"0001A","ProcedureDescription":"Adm SARSCoV2 30mcg\/0.3mL 1st"},"LastUpdateByType":"","ProcedureAssociatedDiagnosisCode":"ABC123","ProcedureNumber":"123"}],"FacilityTimeZoneOffSet":"-05:00","Diagnosis":[]}