{"PatientContact":[{"ContactAddress":[{"AddressTypeDescription":"Home","State":"INR","AddressTypeCode":"H","PostalCode":"524005","Country":"United States","City":"Lafayett","StreetAddress2":"Apt. 1011","StreetAddress1":"2001 Sunrise Dr."}],"ContactMiddleInitial":"","ContactType":{"ContactCode":"H","ContactDescription":"Home"},"ContactPhoneNumber":[{"PhoneNumberTypeDescription":"Home","PhoneNumber":"9995512340","PhoneNumberTypeCode":"H"},{"PhoneNumberTypeDescription":"Mobile","PhoneNumber":"9995512350","PhoneNumberTypeCode":"M"}],"ContactOrganizationName":"","ContactRelationToPatient":"","ContactFirstName":"Jhon","ContactLastName":"Khel"},{"ContactAddress":[{"AddressTypeDescription":"Home","State":"INR","AddressTypeCode":"H","PostalCode":"524005","Country":"United States","City":"Lafayett","StreetAddress2":"Apt. 1011","StreetAddress1":"3001 Sunrise Dr."}],"ContactMiddleInitial":"cery","ContactType":{"ContactCode":"C","ContactDescription":"Emergency Contact"},"ContactPhoneNumber":[{"PhoneNumberTypeDescription":"Home","PhoneNumber":"9995512340","PhoneNumberTypeCode":"H"},{"PhoneNumberTypeDescription":"Mobile","PhoneNumber":"9995512350","PhoneNumberTypeCode":"M"}],"ContactOrganizationName":null,"ContactRelationToPatient":{"RelationshipTypeCode":"FTH","RelationshipTypeDescription":"Father"},"ContactFirstName":"icjn","ContactLastName":"Rosie"}],"Visit":{"PatientResponsibilityEstimate":"","PatientType":{"PatientTypeCode":"CLI","PatientTypeDescription":"CLINICAL PATIENTS"},"VisitProvider":[{"ProviderLastName":"lzgkrv","ProviderType":{"ProviderTypeCode":"AT","ProviderTypeDescription":"Attending"},"ProviderNPI":"1447510011","ProviderFirstName":"JUAN","ProviderMiddleInitial":"E"},{"ProviderLastName":"WRIGHT","ProviderType":{"ProviderTypecode":"RP","ProviderTypeDescription":"Referring Provider"},"ProviderNPI":"1376525618","ProviderFirstName":"FRANK","ProviderMiddleInitial":"DAVID"},{"ProviderLastName":"ARENAS-HERRERA","ProviderType":{"ProviderTypecode":"CP","ProviderTypeDescription":"Consulting Provider"},"ProviderNPI":"1447510011","ProviderFirstName":"JUAN","ProviderMiddleInitial":"E"},{"ProviderLastName":"icjn","ProviderType":{"ProviderTypecode":"AD","ProviderTypeDescription":"Admitting"},"ProviderNPI":"1447510011","ProviderFirstName":"JUAN"}],"VisitService":"MD","FinancialClass":{"FinancialClassCode":"SP","FinancialClassDescription":""},"CurrentBalance":"100","VisitLocation":{"LocationRoom":"255 MD","LocationBuilding":"","LocationFloor":"","LocationDescription":"","LocationPointOfCare":{"PointofCareCode":"MFM","PointofCareDescription":"Maternal Fetal Medicine"},"LocationBed":"1","LocationFacility":"","LocationType":""},"VisitNumber":"K8322163333","VisitDate":"2022-03-24T10:15:10.753","PatientClass":{"PatientClassDescription":"Inpatient","PatientClassCode":"I"},"AccountNumber":"K8322163333","PreAdmissionNumber":"","VisitReadmisisonIndicator":"","VisitAdmissionReason":"","AdmitSource":{"AdmitSourceCode":"2","AdmitSourceDescription":"Clinic referral"},"AdmitType":{"AdmitTypeCode":"R","AdmitTypeDescription":"Routine"},"VisitDischargeDate":"2022-03-24T10:15:10.753","VisitLengthOfStay":"","VisitNewbornIndicator":""},"ModuleSubscription":[{"ModuleRefId":0}],"Patient":{"TenantPatientIdentifier":[{"TenantPatientIdentifierType":"MR","TenantPatientId":"K8322163333","TenantPatientIdentifierDescription":"Medical Record Number"},{"TenantPatientIdentifierType":"SSN","TenantPatientId":"633-41-1885","TenantPatientIdentifierDescription":"Social Security Number"},{"TenantPatientIdentifierType":"PI","TenantPatientId":"S360265734","TenantPatientIdentifierDescription":"Patient Internal Identifier"},{"TenantPatientIdentifierType":"EPI","TenantPatientId":"K8322163333","TenantPatientIdentifierDescription":"Enterprise Patient Identifier"}],"PatientFirstName":"icjn","PatientDateOfBirth":"1987-01-01","PatientGender":{"GenderCode":"M","GenderDescription":"Male"},"Religion":"Other","Citizenship":"US","PatientRace":{"RaceCode":"2106-3","RaceDescription":"White"},"PatientMultipleBirthOrder":"","Nationality":"US","PrimaryCareProvider":[{"ProviderLastName":"WRIGHT","ProviderType":{"ProviderTypeCode":"PP","ProviderTypeDescription":"Primary Care Provider"},"ProviderNPI":"1376525618","ProviderFirstName":"FRANK"}],"PatientMotherIdentifier":[],"MaritalStatus":"D","Occupation":"Engineer","Ethnicity":"NH","PatientLanguage":{"LanguageCode":"en","LanguageDescription":"English"},"DeceasedDateTime":"","PatientAddress":[{"AddressTypeDescription":"Home","State":"Utah","AddressTypeCode":"H","PostalCode":"524004","Country":"USA","City":"icjn","StreetAddress2":"","StreetAddress1":"226 Waelchi Lakes"}],"PatientPhoneNumber":[{"PhoneNumberTypeDescription":"Mobile","PhoneNumber":"7402221234","PhoneNumberTypeCode":"M"},{"PhoneNumberTypeDescription":"Home","PhoneNumber":"7403339876","PhoneNumberTypeCode":"H"}],"PatientEmailAddress":"icjn@gmail.com","PatientLastName":"icjn","IsEmployed":"Y","PatientMiddleInitial":"A","PatientMultipleBirthIndicator":"","IsDeceased":""},"TenantId":"18FDB1EF-1C3B-400E-9893-4DE5371AD68E","ClaimOccurance":[{"OccuranceCode":"icjn","OccuranceDate":""}],"Accident":{"AutoAccidentState":"IN","AccidentDateTime":"2021-07-20T23:40:16.000","AccidentLocation":"At home test location","AccidentJobRelatedIndicator":"No","AccidentAddress":{"State":"IN","PostalCode":"37095","Country":"UNITED STATES","City":"Lafayette","StreetAddress2":"apt 1","StreetAddress1":"123 street"},"AccidentCode":"icjn","AccidentDeathIndicator":"No"},"Transaction":[{"EmployeeLastName":"Gaddam","EmployeeFirstName":"Vishnu","EventType":{"EventTypeCode":"A01","EventTypeDescription":"Checked In"},"DocVersionNum":"0","EventDateTime":"2020-11-25T09:24:12.753","FacilityCode":"PRC01","EmployeeId":"1571","MessageType":"ADT","MessageId":"1499366"}],"Insurance":[{"insured":{"insuredMiddleInitial":"","insuredGender":{"genderDescription":"Male","genderCode":"M"},"insuredDateOfBirth":"2000-10-10T00:00:00","insuredEmployerAddress":{"country":"","city":"SEGUIN","postalCode":"78155","streetAddress1":"unknown","streetAddress2":"","state":"TX"},"insuredSSN":"959-85-5348","insuredEmployementStatus":"Unknown","insuredGroupEmployerName":"TEC","insuredRace":{"raceDescription":"","raceCode":""},"insuredCitizenship":"","insuredFirstName":"Eligibility","insuredLastName":"","insurancedPhoneNumber":{"phoneNumberTypeCode":"H","phoneNumber":"8305600391","phoneNumberTypeDescription":"Home"},"insuredGroupEmployerId":"","insuredid":"ABC123","insuredSuffix":"","insuredAddress":{"country":"","city":"icjn","postalCode":"14255","streetAddress1":"584 Donny Isle","streetAddress2":"","state":"Arkansas"},"medicareBeneficiaryIdentifier":"","insuredRelationToPatient":{"relationshipTypeCode":"SEL","relationshipTypeDescription":"Self"},"insuredMartialStatus":"M"},"insuranceAuthorizationDate":"","insurancePlanExpirationDate":"","insuranceCompanyPhoneNumber":{"phoneNumberTypeCode":"B","phoneNumber":"8005267322","phoneNumberTypeDescription":"Business"},"insuranceAuthorizationSource":"","insuranceAuthorizationNumber":"Auth No precert rqd","insurancePolicyNumber":"TC001001","insuranceCertifiedBy":"","insuranceCoordinationOfBenefitsPriority":"","insuranceCertificationEndDate":"","insuranceSequence":"1","insurancePlanName":"Blue Cross","insuranceCertificationNumber":"","insuranceCoverageType":"","insuranceNoticedOfAdmissionDate":"","insuranceVerificationDate":"","insuranceGroupName":"SEGUIN INDEPENDENT SCHOOL DIST","insurancePlanEffectiveDate":"2021-01-25T00:00:00","insurancePlanId":"PC02","insuranceCertificationBeginDate":"","insurancePlanType":"","insuranceAssignmentOfBenefits":"","insuranceNoticedOfAdmissionRequired":"","insuranceCompanyAddress":{"country":"","city":"Salt Lake City","postalCode":"84130-0515","streetAddress1":"Po Box 30515","streetAddress2":"","state":"UT"},"insuranceCoordinationOfBenefits":"","insuranceGroupNumber":"TC06001","insurancePreAdmitCertification":""}],"Guarantor":[{"GuarantorEmployerAddress":[{"State":"TX","PostalCode":"77551","Country":"US","City":"GALVESTON","StreetAddress2":"","StreetAddress1":"7501 AVENUE P"}],"GuarantorNumber":"GN00000001","GuarantorLanguage":{"LanguageCode":"en","LanguageDescription":"English"},"GuarantorEmployementStatus":"Full time employed","GuarantorGender":{"GenderCode":"F","GenderDescription":"Female"},"GuarantorMiddleInitial":"A","GuarantorEmployerName":"EmployeeName","GuarantorSpouseLastName":"Ginny","GuarantorDateOfBirth":"1960-11-02","GuarantorFirstName":"MARYANN","GuarantorAddress":[{"State":"TX","PostalCode":"77539","Country":"US","City":"DICKINSON","AddressType":{"AddressDescription":"Home","AddressCode":"H"},"StreetAddress2":"","StreetAddress1":"4021 TATTA DS"}],"GuarantorLastName":"FREY","GuarantorSSN":"666-06-5778","GuarantorEmail":"","GuarantorSpouseFirstName":"icjn","GuarantorRelationToPatient":{"RelationshipTypeCode":"SPO","RelationshipTypeDescription":"Spouse"},"GuarantorPhoneNumber":[{"PhoneNumberTypeDescription":"Mobile","PhoneNumber":"7405550123","PhoneNumberTypeCode":"M"},{"PhoneNumberTypeDescription":"Home","PhoneNumber":"7405500001","PhoneNumberTypeCode":"H"}]}],"Observation":[{"ObservationAbnormalFlag":[],"ObservationType":"icjn","ObservationResponsibleObserver":{},"ObservationProbability":"","ObservationNumber":"1010.1","ObservationLastNormalResultDate":"","ObservationProducerId":"","ObservationNatureOfAbnormalTest":[],"ObservationUnits":"kg","ObservationRange":"","ObservationResultStatus":"F","ObservationDateTime":"2021-01-26T13:36:00.000","ObservationValue":["95.254397"]}],"DRG":[{"DRG":"33","DRGAssignedDateTime":""}],"SchemaVersionNum":"1.0","Procedure":[{"ProcedureType":"icjn","ProcedureModifierList":[{"ModifierCode":"AW"}],"LastUpdateBy":"","ProcedureUnits":"1","CreatedBy":"","ProcedureProvider":[{"ProviderLastName":"Patil","ProviderType":{"ProviderTypeCode":"HIPAA","ProviderTypeDescription":"Health portability and accountabilty act"},"ProviderNPI":"A7896","ProviderFirstName":"Srinivas"}],"ProcedureDate":"","LastUpdateDateUTC":"","ProcedureAthesiaCode":"TTML","ProcedureAnthesiaMinutes":"15","CreatedDateUTC":"","ProcedurePriority":"High","ExpirationDateUTC":"","CreatedByType":"","ProcedureName":{"ProcedureCode":"0001F","ProcedureDescription":"Heart failure composite"},"LastUpdateByType":"","ProcedureAssociatedDiagnosisCode":"ABC123","ProcedureNumber":"456"}],"FacilityTimeZoneOffSet":"-05:00","Diagnosis":[{"DiagnosisDescription":{"DiagnosisName":"icjn","DiagnosisCode":"A00"},"DiagnosingClinician":[],"DiagnosisConfidentialIndicator":"","DiagnosisClassification":"","DiagnosisType":"Final","DiagnosisAssertationDateTime":"","DiagnosisDateTime":""}]}