{"PatientContact":[{"ContactAddress":[{"AddressTypeDescription":"Home","State":"WA","AddressTypeCode":"H","PostalCode":"75092","Country":"USA","City":"Texas","StreetAddress2":"Apt 2","StreetAddress1":"123 Pelitas"}],"ContactMiddleInitial":"","ContactType":{"ContactCode":"C","ContactDescription":"Emergency Contact"},"ContactPhoneNumber":[{"PhoneNumberTypeDescription":"Home","PhoneNumber":"8888887115","PhoneNumberTypeCode":"H"}],"ContactRelationToPatient":{"RelationshipTypeCode":"BRO","RelationshipTypeDescription":"Brother"},"ContactOrganizationName":"","ContactFirstName":"test","ContactLastName":"last"},{"ContactAddress":[{"AddressTypeDescription":"Home","State":"TX","AddressTypeCode":"H","PostalCode":"75093","Country":"IND","City":"Plano","StreetAddress2":"Apt 1","StreetAddress1":"123 pelitas Dr"}],"ContactMiddleInitial":"","ContactType":{"ContactCode":"N","ContactDescription":"Next-of-Kin"},"ContactPhoneNumber":[{"PhoneNumberTypeDescription":"Mobile","PhoneNumber":"7899986112","PhoneNumberTypeCode":"M"}],"ContactRelationToPatient":{"RelationshipTypeCode":"CHD","RelationshipTypeDescription":"Child"},"ContactOrganizationName":"","ContactFirstName":"Bart","ContactLastName":"Simpson"},{"ContactAddress":[{"AddressTypeDescription":"Business","State":"TX","AddressTypeCode":"B","PostalCode":"75093","Country":"","City":"Plano","StreetAddress2":"Building 1","StreetAddress1":"123 Pelitas Dr"}],"ContactMiddleInitial":"J","ContactType":{"ContactCode":"E","ContactDescription":"Employer"},"ContactPhoneNumber":[{"PhoneNumberTypeDescription":"Business","PhoneNumber":"9999986612","PhoneNumberTypeCode":"B"}],"ContactRelationToPatient":{"RelationshipTypeCode":"SEL","RelationshipTypeDescription":"Self"},"ContactOrganizationName":"Springfield Nuclear Power Plant","ContactFirstName":"Simson","ContactLastName":"test"}],"ExtendedData":[{"Category":"VisitInformation","Data":"WI","FieldName":"ArrivalMode"}],"Visit":{"PatientResponsibilityEstimate":"3840.26","PatientType":{"PatientTypeCode":"RCR","PatientTypeDescription":"test typecode"},"VisitProvider":[{"ProviderSuffix":"Jr","ProviderLastName":"JONEStest","ProviderPrefix":"Dr","ProviderType":{"ProviderTypeCode":"PP","ProviderTypeDescription":"Primary Care Provider"},"ProviderNPI":"15786511111","ProviderFirstName":"TOM"},{"ProviderSuffix":"Jr","ProviderLastName":"JONES","ProviderPrefix":"Dr","ProviderType":{"ProviderTypeCode":"FHCP","ProviderTypeDescription":"Family Health Care Professional"},"ProviderNPI":"15786511111","ProviderFirstName":"TOM"},{"ProviderSuffix":"Jr","ProviderLastName":"BUNNYlast","ProviderPrefix":"Dr","ProviderType":{"ProviderTypeCode":"AT","ProviderTypeDescription":"Attending Provider"},"ProviderNPI":"9999951999","ProviderFirstName":"BUGS first"},{"ProviderSuffix":"Jr","ProviderLastName":"BUNNY","ProviderPrefix":"Dr","ProviderType":{"ProviderTypeCode":"AD","ProviderTypeDescription":"Admitting Provider"},"ProviderNPI":"9999951999","ProviderFirstName":"BUGS"},{"ProviderSuffix":"Jr","ProviderLastName":"Mouse","ProviderPrefix":"Dr","ProviderType":{"ProviderTypeCode":"CP","ProviderTypeDescription":"Consulting Provider"},"ProviderNPI":"9999981999","ProviderFirstName":"Mickey"},{"ProviderSuffix":"Jr","ProviderLastName":"Mouse","ProviderPrefix":"Dr","ProviderType":{"ProviderTypeCode":"RP","ProviderTypeDescription":"Referring Provider"},"ProviderNPI":"6667871999","ProviderFirstName":"Mickey"}],"VisitService":"Service","FinancialClass":{"FinancialClassCode":"BC","FinancialClassDescription":"Financial class code"},"CurrentBalance":"","VisitLocation":{"LocationRoom":"Room 3","LocationBuilding":"Building B","LocationFloor":"Floor 2","LocationDescription":"","LocationPointOfCare":{"PointofCareCode":"MFM","PointofCareDescription":""},"LocationBed":"Bed 2","LocationFacility":"","LocationType":""},"VisitNumber":"A2072214087","VisitDate":"2022-07-26T11:00:00.000","PatientClass":{"PatientClassDescription":"Outpatient","PatientClassCode":"O"},"AccountNumber":"A2072214087","PreAdmissionNumber":"","VisitReadmisisonIndicator":"","VisitAdmissionReason":"Routine","AdmitSource":{"AdmitSourceCode":"1","AdmitSourceDescription":"Physician refer"},"AdmitType":{"AdmitTypeCode":"U","AdmitTypeDescription":"Urgent"},"VisitDischargeDate":"2021-07-10T19:00:00.000","VisitLengthOfStay":"","VisitNewbornIndicator":"No"},"ModuleSubscription":[{"ModuleRefId":0}],"Patient":{"TenantPatientIdentifier":[{"TenantPatientIdentifierType":"MR","TenantPatientId":"A2072214087","TenantPatientIdentifierDescription":"Medical Record Number"},{"TenantPatientIdentifierType":"SSN","TenantPatientId":"999-99-9999","TenantPatientIdentifierDescription":"Social Security Number"},{"TenantPatientIdentifierType":"PI","TenantPatientId":"PIA20211123B","TenantPatientIdentifierDescription":"Patient Internal Identifier"},{"TenantPatientIdentifierType":"EPI","TenantPatientId":"A2072214087","TenantPatientIdentifierDescription":"Enterprise Patient Identifier"}],"PatientFirstName":"Test","PatientDateOfBirth":"1986-06-25","PatientGender":{"GenderCode":"M","GenderDescription":"Male"},"PatientSuffix":"","PrimaryCareProvider":[],"PatientMotherIdentifier":[],"PatientLanguage":{"LanguageCode":"en","LanguageDescription":"English"},"PatientPhoneNumber":[{"PhoneNumberTypeDescription":"Mobile","PhoneNumber":"9914611400","PhoneNumberTypeCode":"M"},{"PhoneNumberTypeDescription":"Home","PhoneNumber":"8154614922","PhoneNumberTypeCode":"H"}],"PatientMiddleInitial":"L","PatientMultipleBirthIndicator":"","IsDeceased":"","Religion":"Christian","Citizenship":"","PatientRace":{"RaceCode":"2106-3","RaceDescription":"Black"},"PatientMultipleBirthOrder":"","Nationality":"","MaritalStatus":"S","Occupation":"nuclear safety inspector","Ethnicity":"NH test","DeceasedDateTime":"","PatientAddress":[{"AddressTypeDescription":"Home","State":"TX","AddressTypeCode":"H","PostalCode":"75092","Country":"USA","City":"Texas","StreetAddress2":"Apt 1","StreetAddress1":"456 Pelitas Dr"}],"PatientEmailAddress":"skapula@pelitas.com","PatientLastName":"santhu","IsEmployed":"No"},"TenantId":"18fdb1ef-1c3b-400e-9893-4de5371ad68e","Accident":{},"ClaimOccurance":[{"OccuranceCode":"11","OccuranceDate":"2021-06-27"}],"Transaction":[{"EmployeeLastName":"Santhosh","EmployeeFirstName":"Kapula","EventType":{"EventTypeCode":"A04","EventTypeDescription":"Pre-Admit"},"DocVersionNum":"0","EventDateTime":"2021-07-23T09:24:12.189","FacilityCode":"PRC01","EmployeeId":"SK484","MessageType":"ADT","MessageId":"44214001"}],"Insurance":[{"InsuranceAssignmentOfBenefits":"","InsurancePlanType":"","InsuranceGroupName":"Springfield Nuclear Power Plant","InsurancePlanExpirationDate":"","InsuranceCompanyPhoneNumber":{"PhoneNumberTypeDescription":"Business","PhoneNumber":"8004511400","PhoneNumberTypeCode":"B"},"InsuranceCoordinationOfBenefits":"","InsuranceAuthorizationSource":"","InsuranceCoordinationOfBenefitsPriority":"","InsurancePolicyNumber":"8","InsuranceGroupNumber":"0011140099","InsuranceCertificationBeginDate":"","InsuranceAuthorizationNumber":"","InsuranceNoticedOfAdmissionDate":"","InsuranceCoverageType":"","InsuranceCertificationNumber":"","InsuranceNoticedOfAdmissionRequired":"","Insured":{"MedicareBeneficiaryIdentifier":"","InsuredGender":{"GenderCode":"M","GenderDescription":"Male"},"InsuredDateOfBirth":"1967-05-31","Insuredid":"","InsuredGroupEmployerId":"","InsuredRelationToPatient":{"RelationshipTypeCode":"SEL","RelationshipTypeDescription":"Self"},"InsuredMiddleInitial":"J","InsuredRace":{"RaceCode":"2131-1","RaceDescription":"Other Race"},"InsuredAddress":{"State":"TX","PostalCode":"75093","Country":"US","City":"Plano","StreetAddress2":"Apt 1","StreetAddress1":"123 Pelitas Dr"},"InsurancedPhoneNumber":{"PhoneNumberTypeDescription":"Home","PhoneNumber":"9999987893","PhoneNumberTypeCode":"H"},"InsuredCitizenship":"Yes","InsuredFirstName":"Test","InsuredMartialStatus":"S","InsuredGroupEmployerName":"","InsuredEmployementStatus":"Employed","InsuredLastName":"San","InsuredSuffix":"","InsuredSSN":"669-00-2671","InsuredEmployerAddress":{"State":"TX","PostalCode":"75093","Country":"US","City":"Plano","StreetAddress2":"Building 1","StreetAddress1":"123 Pelitas Dr."}},"InsuranceAuthorizationDate":"","InsurancePreAdmitCertification":"","InsuranceSequence":"1","InsuranceCertificationEndDate":"","InsuranceCertifiedBy":"","InsurancePlanId":"SP","InsurancePlanName":"Atena","InsuranceVerificationDate":"","InsuranceCompanyAddress":{"State":"TX","PostalCode":"75266-0044","Country":"US","City":"Texas","StreetAddress2":"Suite 601","StreetAddress1":"PO BOX 660022"},"InsurancePlanEffectiveDate":"2021-06-22"},{"InsuranceAssignmentOfBenefits":null,"InsurancePlanType":null,"InsuranceGroupName":"QMB","InsurancePlanExpirationDate":null,"InsuranceCompanyPhoneNumber":{"PhoneNumberTypeDescription":"Business","PhoneNumber":"8008889999","PhoneNumberTypeCode":"B"},"InsuranceCoordinationOfBenefits":null,"InsuranceAuthorizationSource":null,"InsurancePolicyNumber":"52414007","InsuranceCoordinationOfBenefitsPriority":null,"InsuranceGroupNumber":"14005678","InsuranceCertificationBeginDate":null,"InsuranceAuthorizationNumber":null,"InsuranceNoticedOfAdmissionDate":null,"InsuranceCoverageType":null,"InsuranceCertificationNumber":null,"InsuranceNoticedOfAdmissionRequired":null,"Insured":{"InsuredGender":{"GenderCode":"M","GenderDescription":"Male"},"InsuredDateOfBirth":"1967-05-31T00:00:00.0000000","Insuredid":"1400897","InsuredGroupEmployerId":null,"InsuredRelationToPatient":{"RelationshipTypeCode":"SEL","RelationshipTypeDescription":"Self"},"InsuredMiddleInitial":"M","InsuredRace":{"RaceCode":"2131-1","RaceDescription":"Other Race"},"InsuredAddress":{"State":"TX","PostalCode":"75093","Country":null,"City":"Plano","StreetAddress2":"Apt 1","StreetAddress1":"123 Pelitas Dr"},"InsurancedPhoneNumber":{"PhoneNumberTypeDescription":"Home","PhoneNumber":"8888887893","PhoneNumberTypeCode":"H"},"InsuredCitizenship":"US","InsuredFirstName":"San","InsuredMartialStatus":"M","InsuredGroupEmployerName":"Springfield Nuclear","InsuredEmployementStatus":"Employed","InsuredLastName":"Test","InsuredSSN":"999999999","InsuredEmployerAddress":{"State":"TX","PostalCode":"75093","Country":"US","City":"Plano","StreetAddress2":"Buliding 1","StreetAddress1":"123 Pelitas Dr"}},"InsuranceAuthorizationDate":null,"InsurancePreAdmitCertification":null,"InsuranceSequence":"2","InsuranceCertificationEndDate":null,"InsuranceCertifiedBy":null,"InsurancePlanId":"MCD","InsurancePlanName":"MEDICAID","InsuranceVerificationDate":null,"InsuranceCompanyAddress":{"State":"TX","PostalCode":"78720-0555","Country":"US","City":"AUSTIN","StreetAddress2":"Suite 600","StreetAddress1":"P O BOX 200555"},"InsurancePlanEffectiveDate":"2021-01-01T00:00:00.0000000"},{"InsuranceAssignmentOfBenefits":null,"InsurancePlanType":null,"InsuranceGroupName":"QMB","InsurancePlanExpirationDate":null,"InsuranceCompanyPhoneNumber":{"PhoneNumberTypeDescription":"Business","PhoneNumber":"8303722211","PhoneNumberTypeCode":"B"},"InsuranceCoordinationOfBenefits":null,"InsuranceAuthorizationSource":null,"InsurancePolicyNumber":"52414007","InsuranceCoordinationOfBenefitsPriority":null,"InsuranceGroupNumber":"14005678","InsuranceCertificationBeginDate":null,"InsuranceAuthorizationNumber":null,"InsuranceNoticedOfAdmissionDate":null,"InsuranceCoverageType":null,"InsuranceCertificationNumber":null,"InsuranceNoticedOfAdmissionRequired":null,"Insured":{"InsuredGender":{"GenderCode":"U","GenderDescription":"Unknown"},"InsuredDateOfBirth":"1970-05-31","Insuredid":"N\/A","InsuredGroupEmployerId":null,"InsuredRelationToPatient":{"RelationshipTypeCode":"UNK","RelationshipTypeDescription":"Unknown"},"InsuredMiddleInitial":"J","InsuredRace":null,"InsuredAddress":{"State":null,"PostalCode":null,"Country":null,"City":null,"StreetAddress2":null,"StreetAddress1":null},"InsurancedPhoneNumber":{"PhoneNumberTypeDescription":"Home","PhoneNumber":"9999987777","PhoneNumberTypeCode":"H"},"InsuredCitizenship":null,"InsuredFirstName":"San","InsuredMartialStatus":null,"InsuredGroupEmployerName":null,"InsuredEmployementStatus":null,"InsuredLastName":"Test","InsuredSSN":null,"InsuredEmployerAddress":{"State":null,"PostalCode":null,"Country":null,"City":null,"StreetAddress2":null,"StreetAddress1":null}},"InsuranceAuthorizationDate":null,"InsurancePreAdmitCertification":null,"InsuranceSequence":"3","InsuranceCertificationEndDate":null,"InsuranceCertifiedBy":null,"InsurancePlanId":"SP","InsurancePlanName":"SELF PAY ACCOUNT","InsuranceVerificationDate":null,"InsuranceCompanyAddress":{"State":"TX","PostalCode":"75093","Country":"US","City":"Plano","StreetAddress2":"Building 1","StreetAddress1":"123 Pelitas Dr"},"InsurancePlanEffectiveDate":"2021-01-01T00:00:00.0000000"}],"Guarantor":[],"Observation":[],"DRG":[{"DRG":"38","DRGAssignedDateTime":""}],"SchemaVersionNum":"1.0","Procedure":[{"ProcedureType":"TEST856","ProcedureModifierList":[],"LastUpdateBy":"","ProcedureUnits":"3","CreatedBy":"","ProcedureProvider":[{"ProviderLastName":"Patil","ProviderType":{"ProviderTypeCode":"HIPAA","ProviderTypeDescription":"Health portability and accountabilty act"},"ProviderNPI":"A7895","ProviderFirstName":"Srinivas"}],"ProcedureDate":"","LastUpdateDateUTC":"","ProcedureAthesiaCode":"TTML","ProcedureAnthesiaMinutes":"15","CreatedDateUTC":"","ProcedurePriority":"High","ExpirationDateUTC":"","CreatedByType":"","ProcedureName":{"ProcedureCode":"80061","ProcedureDescription":"Adm SARSCoV2 30mcg\/0.3mL 2nd   "},"LastUpdateByType":"","ProcedureAssociatedDiagnosisCode":"ABC123","ProcedureNumber":"0001"},{"ProcedureType":"TEST856","ProcedureModifierList":[{"ModifierCode":"CS"}],"LastUpdateBy":"","ProcedureUnits":"1","CreatedBy":"","ProcedureProvider":[{"ProviderLastName":"Patil","ProviderType":{"ProviderTypeCode":"HIPAA","ProviderTypeDescription":"Health portability and accountabilty act"},"ProviderNPI":"A7895","ProviderFirstName":"Srinivas"}],"ProcedureDate":"","LastUpdateDateUTC":"","ProcedureAthesiaCode":"TTML","ProcedureAnthesiaMinutes":"15","CreatedDateUTC":"","ProcedurePriority":"High","ExpirationDateUTC":"","CreatedByType":"","ProcedureName":{"ProcedureCode":"87635","ProcedureDescription":"Adm SARSCoV2 30mcg\/0.3mL 2nd   "},"LastUpdateByType":"","ProcedureAssociatedDiagnosisCode":"ABC123","ProcedureNumber":"0002"}],"FacilityTimeZoneOffSet":"-05:00","Diagnosis":[{"DiagnosisDescription":{"DiagnosisName":"R11.2 - Nausea with vomiting, unspecified","DiagnosisCode":"K22.2"},"DiagnosingClinician":[],"DiagnosisConfidentialIndicator":"","DiagnosisClassification":"","DiagnosisType":"Final","DiagnosisAssertationDateTime":"","DiagnosisDateTime":""}]}