{"PatientContact":[{"ContactAddress":[{"AddressTypeDescription":"Home","State":"Louisiana","AddressTypeCode":"H","PostalCode":"92729","Country":"India","City":"Catherynton","StreetAddress2":"20341 Leannon Stream","StreetAddress1":"20340 Leannon Stream"}],"ContactMiddleInitial":"Sh","ContactType":{"ContactCode":"E","ContactDescription":"Employer"},"ContactPhoneNumber":[{"PhoneNumberTypeDescription":"Busniess","PhoneNumber":"3431465446","PhoneNumberTypeCode":"B"}],"ContactRelationToPatient":{"RelationshipTypeCode":"SPO","RelationshipTypeDescription":"Spouse"},"ContactOrganizationName":"MURPHYS WRECKER SERV","ContactFirstName":"Guadalupe","ContactLastName":"Feeney"},{"ContactAddress":[{"AddressTypeDescription":"Home","State":"Maineee","AddressTypeCode":"H","PostalCode":"49578-3677","Country":"USA","City":"South Othafort","StreetAddress2":"670 Franecki Meadow","StreetAddress1":"669 Franecki Meadow"}],"ContactMiddleInitial":"","ContactType":{"ContactCode":"C","ContactDescription":"Emergency Contact"},"ContactPhoneNumber":[{"PhoneNumberTypeDescription":"Mobile","PhoneNumber":"1845116096","PhoneNumberTypeCode":"M"},{"PhoneNumberTypeDescription":"Home","PhoneNumber":"7913655365","PhoneNumberTypeCode":"H"}],"ContactRelationToPatient":{"RelationshipTypeCode":"EXF","RelationshipTypeDescription":"Extended family"},"ContactOrganizationName":"Emergency","ContactFirstName":"Leida","ContactLastName":"Hand"},{"ContactAddress":[{"AddressTypeDescription":"Business","State":"Iowa","AddressTypeCode":"B","PostalCode":"65737","Country":"India","City":"Treutelfurt","StreetAddress2":"045 Courtney Centers","StreetAddress1":"044 Courtney Centers"}],"ContactMiddleInitial":"","ContactType":{"ContactCode":"E","ContactDescription":"ParentEmployer"},"ContactPhoneNumber":[],"ContactRelationToPatient":{"RelationshipTypeCode":"UNK","RelationshipTypeDescription":"Unknown"},"ContactOrganizationName":"Thunder Paws","ContactFirstName":"","ContactLastName":"Block"}],"Visit":{"PatientResponsibilityEstimate":"","PatientType":{"PatientTypeCode":"SDC","PatientTypeDescription":"SURGICAL DAY CARE PATIENTS"},"VisitProvider":[{"ProviderLastName":"ARENAS-HERRERA","ProviderType":{"ProviderTypeCode":"AT","ProviderTypeDescription":"Attending"},"ProviderNPI":"1465510011","ProviderFirstName":"VishnuOnbe","ProviderMiddleInitial":"E"},{"ProviderLastName":"WRIGHT","ProviderType":{"ProviderTypecode":"RP","ProviderTypeDescription":"Referring Provider"},"ProviderNPI":"1376525618","ProviderFirstName":"FRANK","ProviderMiddleInitial":"DAVID"},{"ProviderLastName":"ARENAS-HERRERA","ProviderType":{"ProviderTypecode":"CP","ProviderTypeDescription":"Consulting Provider"},"ProviderNPI":"1465510011","ProviderFirstName":"JUAN","ProviderMiddleInitial":"E"},{"ProviderLastName":"Vardhan","ProviderType":{"ProviderTypecode":"AD","ProviderTypeDescription":"Admitting"},"ProviderNPI":"146551","ProviderFirstName":"Vishnu"}],"VisitService":"MD","FinancialClass":{"FinancialClassCode":"BlueCross Company 34#ited Blue(Cross) Company limi","FinancialClassDescription":"BLUE CROSSOne"},"CurrentBalance":"15","VisitLocation":{"LocationRoom":"255 MD","LocationBuilding":"","LocationFloor":"","LocationDescription":"","LocationPointOfCare":{"PointofCareCode":"MFM","PointofCareDescription":"Birthing Center"},"LocationBed":"1","LocationFacility":"","LocationType":""},"VisitNumber":"K1182212264","VisitDate":"2022-04-28T05:30:15.112","PatientClass":{"PatientClassDescription":"InPatient","PatientClassCode":"IN"},"AccountNumber":"K1182212264","PreAdmissionNumber":"","VisitReadmisisonIndicator":"","VisitAdmissionReason":"","AdmitSource":{"AdmitSourceCode":"9","AdmitSourceDescription":"ClinicOne"},"AdmitType":{"AdmitTypeCode":"R","AdmitTypeDescription":"RoutineOne"},"VisitDischargeDate":"","VisitLengthOfStay":"","VisitNewbornIndicator":""},"ModuleSubscription":[{"ModuleRefId":0}],"Patient":{"TenantPatientIdentifier":[{"tenantPatientIdentifierDescription":"Medical Record Number","TenantPatientId":"K1182212264","tenantPatientIdentifierType":"MR"},{"tenantPatientIdentifierDescription":"Social Security Number","tenantPatientId":"000-40-0144","tenantPatientIdentifierType":"SSN"},{"tenantPatientIdentifierDescription":"Patient Internal Identifier","tenantPatientId":"GTPI01465","tenantPatientIdentifierType":"PI"},{"TenantPatientIdentifierType":"EPI","TenantPatientId":"K1182212264","TenantPatientIdentifierDescription":"Enterprise Patient Identifier"}],"PatientFirstName":"Automation","PatientDateOfBirth":"1987-01-01","PatientGender":{"GenderCode":"M","GenderDescription":"Male"},"Religion":"Otherr","Citizenship":"US","PatientRace":{"RaceCode":"2106-3","RaceDescription":"White"},"PatientMultipleBirthOrder":"","Nationality":"US","PrimaryCareProvider":[{"ProviderLastName":"WRIGHT","ProviderType":{"ProviderTypeCode":"PP","ProviderTypeDescription":"Primary Care Provider"},"ProviderNPI":"1376525618","ProviderFirstName":"Vishnu"}],"PatientMotherIdentifier":[],"MaritalStatus":"D","Occupation":"Engineer","Ethnicity":"NH","PatientLanguage":{"LanguageCode":"en","LanguageDescription":"English"},"DeceasedDateTime":"","PatientAddress":[{"AddressTypeDescription":"Home","State":"AndhraPradesh","AddressTypeCode":"H","PostalCode":"600010","Country":"India","City":"Chennai","StreetAddress2":"BZW bcv","StreetAddress1":"226 Waelch"}],"PatientPhoneNumber":[{"PhoneNumberTypeDescription":"Mobile","PhoneNumber":"9555159894","PhoneNumberTypeCode":"M"},{"PhoneNumberTypeDescription":"Home","PhoneNumber":"7403339894","PhoneNumberTypeCode":"H"}],"PatientEmailAddress":"Vishnu.Vardhan@gmail.com","PatientLastName":"Task","IsEmployed":"Y","PatientMiddleInitial":"AA","PatientMultipleBirthIndicator":"","IsDeceased":""},"TenantId":"18fdb1ef-1c3b-400e-9893-4de5371ad68e","Accident":{"AutoAccidentState":"IN","AccidentDateTime":"2021-07-20T23:40:16.000","AccidentLocation":"At home test location","AccidentJobRelatedIndicator":"No","AccidentAddress":{"State":"IN","PostalCode":"37095","Country":"UNITED STATES","City":"Lafayette","StreetAddress2":"apt 1","StreetAddress1":"123 street"},"AccidentCode":"ACC","AccidentDeathIndicator":"No"},"ClaimOccurance":[{"OccuranceCode":"SPLOne","OccuranceDate":"2022-02-04T05:30:15.112"}],"Transaction":[{"EmployeeLastName":"Gaddamm","EmployeeFirstName":"Vishnuu","EventType":{"EventTypeCode":"A01","EventTypeDescription":"Admit\/visit notification"},"DocVersionNum":"0","EventDateTime":"2022-02-08T09:35:10.750","FacilityCode":"PRC01","EmployeeId":"15711","MessageType":"ADT","MessageId":"1b521426-f74c-45d4-8778-9d8829486bcd"}],"Insurance":[],"DRG":[{"DRG":"38","DRGAssignedDateTime":""}],"Guarantor":[{"GuarantorEmployerAddress":[{"State":"TX","PostalCode":"77551","Country":"US","City":"GALVESTON","StreetAddress2":"7502 AVENUE","StreetAddress1":"7501 AVENUE P"}],"GuarantorNumber":"GN00000001","GuarantorLanguage":{"LanguageCode":"en","LanguageDescription":"English"},"GuarantorEmployementStatus":"Full time employed","GuarantorGender":{"GenderCode":"F","GenderDescription":"Female"},"GuarantorMiddleInitial":"A","GuarantorEmployerName":"EmployeeName","GuarantorSpouseLastName":"Ginny","GuarantorDateOfBirth":"1967-11-02","GuarantorFirstName":"MARYANN","GuarantorAddress":[{"State":"TX","PostalCode":"77539","Country":"US","City":"Nellore","AddressType":{"AddressDescription":"Home","AddressCode":"H"},"StreetAddress2":"4022 TATTA DS","StreetAddress1":"4021 TATTA DS"}],"GuarantorLastName":"FREY","GuarantorSSN":"666-06-5778","GuarantorEmail":"Vishnu.Vardhan@gmail.com","GuarantorSpouseFirstName":"Smith","GuarantorRelationToPatient":{"RelationshipTypeCode":"SPO","RelationshipTypeDescription":"Spouse"},"GuarantorPhoneNumber":[{"PhoneNumberTypeDescription":"Mobile","PhoneNumber":"7405550123","PhoneNumberTypeCode":"M"},{"PhoneNumberTypeDescription":"Home","PhoneNumber":"7405500001","PhoneNumberTypeCode":"H"}]}],"Observation":[{"ObservationAbnormalFlag":[],"ObservationType":"ST","ObservationResponsibleObserver":{},"ObservationProbability":"","ObservationNumber":"1016.1","ObservationLastNormalResultDate":"","ObservationProducerId":"","ObservationNatureOfAbnormalTest":[],"ObservationUnits":"kg","ObservationRange":"","ObservationResultStatus":"F","ObservationDateTime":"2021-07-20T13:36:00.000","ObservationValue":["95.254397"]}],"Procedure":[{"ProcedureType":"TEST857","ProcedureModifierList":[],"LastUpdateBy":"","ProcedureUnits":"1","CreatedBy":"","ProcedureProvider":[{"ProviderLastName":"Vardhan","ProviderType":{"ProviderTypeCode":"HIPAA","ProviderTypeDescription":"Health portability and accountabilty act"},"ProviderNPI":"A7896","ProviderFirstName":"Vishnu"}],"ProcedureDate":"2022-02-04T05:30:15.112","LastUpdateDateUTC":"","ProcedureAthesiaCode":"TTML","ProcedureAnthesiaMinutes":"15","CreatedDateUTC":"","ProcedurePriority":"High","ExpirationDateUTC":"","CreatedByType":"","ProcedureName":{"ProcedureCode":"0001A","ProcedureDescription":"Intramuscular administration of single severe acute respiratory syndrome coronavirus 2 (COVID-19) vaccine, mRNA-LNP, spike protein, preservative free, 30 mcg\/0.3mL dosage, diluent reconstituted; first dose"},"LastUpdateByType":"","ProcedureAssociatedDiagnosisCode":"ABC123","ProcedureNumber":"1271"}],"SchemaVersionNum":"1.0","FacilityTimeZoneOffSet":"-05:00","Diagnosis":[{"DiagnosisDescription":{"DiagnosisName":"One","DiagnosisCode":"K22.2"},"DiagnosingClinician":[{"DiagnosingClinicianFirstName":"Vishnu","DiagnosingClinicianId":"","DiagnosingClinicianLastName":""}],"DiagnosisConfidentialIndicator":"","DiagnosisClassification":"","DiagnosisType":"Admitting","DiagnosisAssertationDateTime":"","DiagnosisDateTime":"2020-07-21T04:00:00.000"}]}