{"PatientContact":[{"ContactAddress":[{"AddressTypeDescription":"Home","State":"Louisiana","AddressTypeCode":"H","PostalCode":"92729","Country":"India","City":"Catherynton","StreetAddress2":"20341 Leannon Stream","StreetAddress1":"20340 Leannon Stream"}],"ContactMiddleInitial":"Sh","ContactType":{"ContactCode":"E","ContactDescription":"Employer"},"ContactPhoneNumber":[{"PhoneNumberTypeDescription":"Busniess","PhoneNumber":"3431452446","PhoneNumberTypeCode":"B"}],"ContactRelationToPatient":{"RelationshipTypeCode":"SPO","RelationshipTypeDescription":"Spouse"},"ContactOrganizationName":"MURPHYS WRECKER SERV","ContactFirstName":"Guadalupe","ContactLastName":"Feeney"},{"ContactAddress":[{"AddressTypeDescription":"Home","State":"Maineee","AddressTypeCode":"H","PostalCode":"49578-3677","Country":"USA","City":"South Othafort","StreetAddress2":"670 Franecki Meadow","StreetAddress1":"669 Franecki Meadow"}],"ContactMiddleInitial":"","ContactType":{"ContactCode":"C","ContactDescription":"Emergency Contact"},"ContactPhoneNumber":[{"PhoneNumberTypeDescription":"Mobile","PhoneNumber":"1845109896","PhoneNumberTypeCode":"M"},{"PhoneNumberTypeDescription":"Home","PhoneNumber":"7913645365","PhoneNumberTypeCode":"H"}],"ContactRelationToPatient":{"RelationshipTypeCode":"EXF","RelationshipTypeDescription":"Extended family"},"ContactOrganizationName":"Emergency","ContactFirstName":"Leida","ContactLastName":"Hand"},{"ContactAddress":[{"AddressTypeDescription":"Business","State":"Iowa","AddressTypeCode":"B","PostalCode":"65737","Country":"India","City":"Treutelfurt","StreetAddress2":"045 Courtney Centers","StreetAddress1":"044 Courtney Centers"}],"ContactMiddleInitial":"","ContactType":{"ContactCode":"E","ContactDescription":"ParentEmployer"},"ContactPhoneNumber":[],"ContactRelationToPatient":{"RelationshipTypeCode":"UNK","RelationshipTypeDescription":"Unknown"},"ContactOrganizationName":"Thunder Paws","ContactFirstName":"","ContactLastName":"Block"}],"Visit":{"PatientResponsibilityEstimate":"","PatientType":{"PatientTypeCode":"Clinical Limite1 345#Clinical Lim(ited) CLICLICLI1","PatientTypeDescription":"ClinicRefLtdOne"},"VisitProvider":[{"ProviderLastName":"ARENAS-HERRERA","ProviderType":{"ProviderTypeCode":"AT","ProviderTypeDescription":"Attending"},"ProviderNPI":"1447510011","ProviderFirstName":"VishnuOnbe","ProviderMiddleInitial":"E"},{"ProviderLastName":"WRIGHT","ProviderType":{"ProviderTypecode":"RP","ProviderTypeDescription":"Referring Provider"},"ProviderNPI":"1376525618","ProviderFirstName":"FRANK","ProviderMiddleInitial":"DAVID"},{"ProviderLastName":"ARENAS-HERRERA","ProviderType":{"ProviderTypecode":"CP","ProviderTypeDescription":"Consulting Provider"},"ProviderNPI":"1447510011","ProviderFirstName":"JUAN","ProviderMiddleInitial":"E"},{"ProviderLastName":"ARENAS-HERRERA","ProviderType":{"ProviderTypecode":"AD","ProviderTypeDescription":"Admitting"},"ProviderNPI":"1447510011","ProviderFirstName":"JUAN"}],"VisitService":"MD","FinancialClass":{"FinancialClassCode":"BlueCross Company 34#ited Blue(Cross) Company limi","FinancialClassDescription":"BLUE CROSSOne"},"CurrentBalance":"","VisitLocation":{"LocationRoom":"255 MD","LocationBuilding":"","LocationFloor":"","LocationDescription":"","LocationPointOfCare":{"PointofCareCode":"MFM","PointofCareDescription":"Birthing Center"},"LocationBed":"1","LocationFacility":"","LocationType":""},"VisitNumber":"K5722121121","VisitDate":"2022-02-26T08:30:15.112","PatientClass":{"PatientClassDescription":"InPatient","PatientClassCode":"IN"},"AccountNumber":"K5722121121","PreAdmissionNumber":"","VisitReadmisisonIndicator":"","VisitAdmissionReason":"","AdmitSource":{"AdmitSourceCode":"2","AdmitSourceDescription":"ClinicOne"},"AdmitType":{"AdmitTypeCode":"R","AdmitTypeDescription":"RoutineOne"},"VisitDischargeDate":"","VisitLengthOfStay":"","VisitNewbornIndicator":""},"ModuleSubscription":[{"ModuleRefId":0}],"Patient":{"TenantPatientIdentifier":[{"tenantPatientIdentifierDescription":"Medical Record Number","TenantPatientId":"K5722121121","tenantPatientId":"HADTMR011056","tenantPatientIdentifierType":"MR"},{"tenantPatientIdentifierDescription":"Social Security Number","tenantPatientId":"000-40-01056","tenantPatientIdentifierType":"SSN"},{"tenantPatientIdentifierDescription":"Patient Internal Identifier","tenantPatientId":"HADTPI01056","tenantPatientIdentifierType":"PI"},{"TenantPatientIdentifierType":"EPI","TenantPatientId":"K5722121121","TenantPatientIdentifierDescription":"Enterprise Patient Identifier"}],"PatientFirstName":"Automation","PatientDateOfBirth":"1987-01-01","PatientGender":{"GenderCode":"M","GenderDescription":"Male"},"Religion":"Other","Citizenship":"US","PatientRace":{"RaceCode":"2106-3","RaceDescription":"White"},"PatientMultipleBirthOrder":"","Nationality":"US","PrimaryCareProvider":[{"ProviderLastName":"WRIGHT","ProviderType":{"ProviderTypeCode":"PP","ProviderTypeDescription":"Primary Care Provider"},"ProviderNPI":"1376525618","ProviderFirstName":"Vishnu"}],"PatientMotherIdentifier":[],"MaritalStatus":"D","Occupation":"Engineer","Ethnicity":"NH","PatientLanguage":{"LanguageCode":"en","LanguageDescription":"English"},"DeceasedDateTime":"","PatientAddress":[{"AddressTypeDescription":"Home","State":"TamilNadu","AddressTypeCode":"H","PostalCode":"600010","Country":"India","City":"Chennai","StreetAddress2":"BZW bcv","StreetAddress1":"226 Waelch"}],"PatientPhoneNumber":[{"PhoneNumberTypeDescription":"Mobile","PhoneNumber":"9555159893","PhoneNumberTypeCode":"M"},{"PhoneNumberTypeDescription":"Home","PhoneNumber":"7403339893","PhoneNumberTypeCode":"H"}],"PatientEmailAddress":"Vishnu.Vardhan@gmail.com","PatientLastName":"Task","IsEmployed":"Y","PatientMiddleInitial":"AA","PatientMultipleBirthIndicator":"","IsDeceased":""},"TenantId":"18fdb1ef-1c3b-400e-9893-4de5371ad68e","Accident":{"AutoAccidentState":"IN","AccidentDateTime":"2021-07-20T23:40:16.000","AccidentLocation":"At home test location","AccidentJobRelatedIndicator":"No","AccidentAddress":{"State":"IN","PostalCode":"37095","Country":"UNITED STATES","City":"Lafayette","StreetAddress2":"apt 1","StreetAddress1":"123 street"},"AccidentCode":"ACC","AccidentDeathIndicator":"No"},"ClaimOccurance":[{"OccuranceCode":"SPLOne","OccuranceDate":""}],"Transaction":[{"EmployeeLastName":"Gaddam","EmployeeFirstName":"Vishnu","EventType":{"EventTypeCode":"A01","EventTypeDescription":"Admit\/visit notification"},"DocVersionNum":"0","EventDateTime":"2021-11-12T09:30:10.750","FacilityCode":"PRC01","EmployeeId":"15711","MessageType":"ADT","MessageId":"1499655"}],"Insurance":[{"insured":{"insuredMiddleInitial":"","insuredGender":{"genderDescription":"Male","genderCode":"M"},"insuredDateOfBirth":"2000-10-10T00:00:00","insuredEmployerAddress":{"country":"US","city":"SEGUIN","postalCode":"78155","streetAddress1":"584 Donny Isle","streetAddress2":"585 Donny Isle","state":"TX"},"insuredSSN":"967-85-5348","insuredEmployementStatus":"Unknown","insuredGroupEmployerName":"TEC","insuredRace":{"raceDescription":null,"raceCode":null},"insuredCitizenship":null,"insuredFirstName":"Eligibility","insuredLastName":"Run","insurancedPhoneNumber":{"phoneNumberTypeCode":"H","phoneNumber":"8305600391","phoneNumberTypeDescription":"Home"},"insuredGroupEmployerId":null,"insuredid":"ABC123","insuredSuffix":null,"insuredAddress":{"country":"US","city":"South Wayne","postalCode":"14255","streetAddress1":"584 Donny Isle","streetAddress2":"585 Donny Isle","state":"Arkansas"},"medicareBeneficiaryIdentifier":null,"insuredRelationToPatient":{"relationshipTypeCode":"SEL","relationshipTypeDescription":"Self"},"insuredMartialStatus":"M"},"insuranceAuthorizationDate":null,"insurancePlanExpirationDate":"2022-01-25T00:00:00","insuranceCompanyPhoneNumber":{"phoneNumberTypeCode":"B","phoneNumber":"8005267322","phoneNumberTypeDescription":"Business"},"insuranceAuthorizationSource":null,"insuranceAuthorizationNumber":"Auth No precert rqd","insurancePolicyNumber":"TC001001","insuranceCertifiedBy":null,"insuranceCoordinationOfBenefitsPriority":null,"insuranceCertificationEndDate":null,"insuranceSequence":"1","insurancePlanName":"Atena","insuranceCertificationNumber":null,"insuranceCoverageType":null,"insuranceNoticedOfAdmissionDate":null,"insuranceVerificationDate":null,"insuranceGroupName":"SEGUIN INDEPENDENT SCHOOL DIST","insurancePlanEffectiveDate":"2021-01-25T00:00:00","insurancePlanId":"9090","insuranceCertificationBeginDate":null,"insurancePlanType":null,"insuranceAssignmentOfBenefits":null,"insuranceNoticedOfAdmissionRequired":null,"insuranceCompanyAddress":{"country":"US","city":"Salt Lake City","postalCode":"84130-0515","streetAddress1":"Po Box 30515123","streetAddress2":"Po Box 30515124","state":"UT"},"insuranceCoordinationOfBenefits":null,"insuranceGroupNumber":"TC06001","insurancePreAdmitCertification":null},{"InsuranceAssignmentOfBenefits":null,"InsuranceNoticedOfAdmissionRequired":null,"InsurancePlanType":null,"InsuranceGroupName":"SEGUIN INDEPENDENT SCHOOL DIST","InsurancePlanExpirationDate":null,"InsuranceCompanyPhoneNumber":{"PhoneNumberTypeDescription":"Business","PhoneNumber":"8005267322","PhoneNumberTypeCode":"B"},"InsuranceCoordinationOfBenefits":null,"Insured":{"MedicareBeneficiaryIdentifier":null,"InsuredGender":{"GenderCode":"M","GenderDescription":"Male"},"InsuredDateOfBirth":"1996-01-01T00:00:00","Insuredid":"TC004001","InsuredGroupEmployerId":null,"InsuredRelationToPatient":{"RelationshipTypeCode":"SEL","RelationshipTypeDescription":"Self"},"InsuredMiddleInitial":"S","InsuredRace":{"RaceCode":null,"RaceDescription":null},"InsuredAddress":{"State":"Arkansas","PostalCode":"14255","Country":"US","City":"South Wayne","StreetAddress2":"585 Donny Isle","StreetAddress1":"584 Donny Isle"},"InsurancedPhoneNumber":{"PhoneNumberTypeDescription":"Home","PhoneNumber":"8305600391","PhoneNumberTypeCode":"H"},"InsuredCitizenship":null,"InsuredFirstName":"JOHNe","InsuredMartialStatus":"M","InsuredGroupEmployerName":"TEC","InsuredEmployementStatus":"Unknown","InsuredLastName":"","InsuredSuffix":null,"InsuredSSN":"967-85-5348","InsuredEmployerAddress":{"State":"TX","PostalCode":"78155","Country":"US","City":"SEGUIN","StreetAddress2":"584 Donny Isle","StreetAddress1":"584 Donny Isle"}},"InsuranceAuthorizationSource":null,"InsurancePolicyNumber":"TC001006","InsuranceCoordinationOfBenefitsPriority":null,"InsuranceGroupNumber":"TC001005","InsuranceCertificationBeginDate":null,"InsuranceAuthorizationNumber":"Auth No precert rqd","InsuranceNoticedOfAdmissionDate":null,"InsuranceCoverageType":null,"InsuranceCertificationNumber":null}],"DRG":[{"DRG":"38","DRGAssignedDateTime":""}],"Guarantor":[{"GuarantorEmployerAddress":[{"State":"TX","PostalCode":"77551","Country":"US","City":"GALVESTON","StreetAddress2":"7502 AVENUE","StreetAddress1":"7501 AVENUE P"}],"GuarantorNumber":"GN00000001","GuarantorLanguage":{"LanguageCode":"en","LanguageDescription":"English"},"GuarantorEmployementStatus":"Full time employed","GuarantorGender":{"GenderCode":"F","GenderDescription":"Female"},"GuarantorMiddleInitial":"A","GuarantorEmployerName":"EmployeeName","GuarantorSpouseLastName":"Ginny","GuarantorDateOfBirth":"1967-11-02","GuarantorFirstName":"MARYANN","GuarantorAddress":[{"State":"TX","PostalCode":"77539","Country":"US","City":"Nellore","AddressType":{"AddressDescription":"Home","AddressCode":"H"},"StreetAddress2":"4022 TATTA DS","StreetAddress1":"4021 TATTA DS"}],"GuarantorLastName":"FREY","GuarantorSSN":"666-06-5778","GuarantorEmail":"Vishnu.Vardhan@gmail.com","GuarantorSpouseFirstName":"Smith","GuarantorRelationToPatient":{"RelationshipTypeCode":"SPO","RelationshipTypeDescription":"Spouse"},"GuarantorPhoneNumber":[{"PhoneNumberTypeDescription":"Mobile","PhoneNumber":"7405550123","PhoneNumberTypeCode":"M"},{"PhoneNumberTypeDescription":"Home","PhoneNumber":"7405500001","PhoneNumberTypeCode":"H"}]}],"Observation":[{"ObservationAbnormalFlag":[],"ObservationType":"ST","ObservationResponsibleObserver":{},"ObservationProbability":"","ObservationNumber":"1016.1","ObservationLastNormalResultDate":"","ObservationProducerId":"","ObservationNatureOfAbnormalTest":[],"ObservationUnits":"kg","ObservationRange":"","ObservationResultStatus":"F","ObservationDateTime":"2021-07-20T13:36:00.000","ObservationValue":["95.254397"]}],"Procedure":[{"ProcedureType":"TEST856","ProcedureModifierList":[{"ModifierCode":"TJ"}],"LastUpdateBy":"","ProcedureUnits":"1","CreatedBy":"","ProcedureProvider":[{"ProviderLastName":"Patil","ProviderType":{"ProviderTypeCode":"HIPAA","ProviderTypeDescription":"Health portability and accountabilty act"},"ProviderNPI":"A7895","ProviderFirstName":"Srinivas"}],"ProcedureDate":"","LastUpdateDateUTC":"","ProcedureAthesiaCode":"TTML","ProcedureAnthesiaMinutes":"15","CreatedDateUTC":"","ProcedurePriority":"High","ExpirationDateUTC":"","CreatedByType":"","ProcedureName":{"ProcedureCode":"01230","ProcedureDescription":"Testing Confirm button"},"LastUpdateByType":"","ProcedureAssociatedDiagnosisCode":"ABC123","ProcedureNumber":"123"},{"ProcedureType":"TEST857","ProcedureModifierList":[{"ModifierCode":"A4"},{"ModifierCode":"A5"}],"LastUpdateBy":"","ProcedureUnits":"1","CreatedBy":"","ProcedureProvider":[{"ProviderLastName":"Vardhan","ProviderType":{"ProviderTypeCode":"HIPAA","ProviderTypeDescription":"Health portability and accountabilty act"},"ProviderNPI":"A7896","ProviderFirstName":"Vishnu"}],"ProcedureDate":"","LastUpdateDateUTC":"","ProcedureAthesiaCode":"TTML","ProcedureAnthesiaMinutes":"15","CreatedDateUTC":"","ProcedurePriority":"High","ExpirationDateUTC":"","CreatedByType":"","ProcedureName":{"ProcedureCode":"22206","ProcedureDescription":"Testing Confirm button"},"LastUpdateByType":"","ProcedureAssociatedDiagnosisCode":"ABC123","ProcedureNumber":"1234"}],"SchemaVersionNum":"1.0","FacilityTimeZoneOffSet":"-05:00","Diagnosis":[{"DiagnosisDescription":{"DiagnosisName":"One","DiagnosisCode":"K22.2"},"DiagnosingClinician":[{"DiagnosingClinicianFirstName":"Vishnu","DiagnosingClinicianId":"","DiagnosingClinicianLastName":""}],"DiagnosisConfidentialIndicator":"","DiagnosisClassification":"","DiagnosisType":"Admitting","DiagnosisAssertationDateTime":"","DiagnosisDateTime":"2020-07-21T04:00:00.000"}]}