{
  "SchemaVersionNum": "1.0",
  "PatientVisitId": "",
  "TenantId": "129E76D2-01B9-4B34-937C-AC9399880471",
  "FacilityId": "",
  "FacilityName": "",
  "PatientId": "",
  "PatientIdentifierType": "",
  "PatientVisitIdentifierType": "",
  "DisplayPatientId": "",
  "DisplayPatientVisitId": "",
  "Patient": {
    "TenantPatientIdentifier": [
      {
        "TenantPatientId": "A988776622322278",
        "TenantPatientIdentifierType": "MR",
        "TenantPatientIdentifierDescription": "Medical Record Number"
      },
      {
        "TenantPatientId": "164-47-2564",
        "TenantPatientIdentifierType": "SSN",
        "TenantPatientIdentifierDescription": "Social Security Number"
      }
    ],
    "PatientFirstName": "Autoamtionfile4",
    "PatientLastName": "TestFile",
    "PatientMiddleInitial": "N",
    "PatientDateOfBirth": "20060103",
    "PatientGender": {
      "GenderCode": "M",
      "GenderDescription": "Male"
    },
    "PatientEmailAddress": "luke.skywalker@gmail.com",
    "PatientPhoneNumber": [
      {
        "PhoneNumber": "740-555-1234",
        "PhoneNumberTypeCode": "M",
        "PhoneNumberTypeDescription": "Mobile"
      },
      {
        "PhoneNumber": "740-555-9876",
        "PhoneNumberTypeCode": "H",
        "PhoneNumberTypeDescription": "Home"
      }
    ]
  },
  "Visit": {
    "TenantPatientVisitIdentifier": [
      {
        "TenantPatientVisitId": "A124455778",
        "TenantPatientVisitIdentifierType": "AP",
        "TenantPatientVisitIdentifierDescription": "Patient Account Number"
      }
    ],
    "VisitDate": "2020-08-27T11:00:00-05:00",
    "PatientClass": {
      "PatientClassCode": "O",
      "PatientClassDescription": "Outpatient"
    },
    "PatientType": {
      "PatientTypeCode": "CLI",
      "PatientTypeDescription": "Clinical Outpatient"
    },
    "AdmitSource": {
      "AdmitSourceCode": "2",
      "AdmitSourceDescription": "Clinic Referral"
    },
    "VisitService": "Urgent Care",
    "FinancialClass": {
      "FinancialClassCode": "CO",
      "FinancialClassDescription": "Commercial"
    },
      "AdmitType": {
      "AdmitTypeCode": "E",
      "AdmitTypeDescription": "Emergency"
    },
    "VisitLocation": {
      "LocationPointOfCare": {
        "PointofCareCode": "GAUDCLINIC"
      }
    },
    "VisitProvider": [
      {
        "ProviderType": {
          "ProviderTypeCode": "AT",
          "ProviderTypeDescription": "Attending"
        },
        "ProviderNPI": "2130813713",
        "ProviderFirstName": "John",
        "ProviderLastName": "Miller",
        "PersonnelSuffix": "MD"
      },
      {
        "ProviderType": {
          "ProviderTypeCode": "AD",
          "ProviderTypeDescription": "Admitting"
        },
        "ProviderNPI": "2130813713",
        "ProviderFirstName": "John",
        "ProviderLastName": "Miller",
        "PersonnelSuffix": "MD"
      },
      {
        "ProviderType": {
          "ProviderTypeCode": "RP",
          "ProviderTypeDescription": "Referring Provider"
        },
        "ProviderNPI": "2130813713",
        "ProviderFirstName": "John",
        "ProviderLastName": "Miller",
        "PersonnelSuffix": "MD"
      }
    ]
  },
  "Insurance": [
    {
      "InsuranceSequence": "1",
      "InsurancePlanId": "BCBS",
      "InsurancePlanName": "BlueCross BlueShield of Texas"
    },
    {
      "InsuranceSequence": "2",
      "InsurancePlanId": "MCD",
      "InsurancePlanName": "Texas Medicaid"
    },
    {
      "InsuranceSequence": "3",
      "InsurancePlanId": "SUP",
      "InsurancePlanName": "Supplemental Insurance"
    }
  ],
  "Diagnosis": [
    {
      "DiagnosisType": "Admitting",
      "DiagnosisDescription": {
        "DiagnosisCode": "J03.00"
      }
    }
  ],
  "Procedure": [
    {
      "ProcedureNumber": "1",
      "ProcedureName": {
        "ProcedureCode": "87081"
      }
    }
  ],
  "Transaction": [
    {
      "DocVersionNum": "0",
      "MessageId": "111345443678645",
      "FacilityCode": "001",
      "MessageType": "SIU",
      "EventType": {
        "EventTypeCode": "S12",
        "EventTypeDescription": "Registration"
      },
      "EventDateTime": "2020-08-23T07:35:47.000-05:00",
      "EmployeeId": "12345",
      "EmployeeFirstName": "Lisa",
      "EmployeeLastName": "Smith"
    }
  ]
}