{"PatientContact":[{"ContactAddress":[{"AddressTypeDescription":"Home","State":"INR","AddressTypeCode":"H","PostalCode":"524005","Country":"United States","City":"Lafayett","StreetAddress2":"Apt. 1011","StreetAddress1":"2001 Sunrise Dr."}],"ContactMiddleInitial":"cery","ContactType":{"ContactCode":"E","ContactDescription":"Employer"},"ContactPhoneNumber":[{"PhoneNumberTypeDescription":"Home","PhoneNumber":"9995512340","PhoneNumberTypeCode":"H"},{"PhoneNumberTypeDescription":"Mobile","PhoneNumber":"9995512350","PhoneNumberTypeCode":"M"}],"ContactRelationToPatient":{"RelationshipTypeCode":"FTH","RelationshipTypeDescription":"Father"},"ContactFirstName":"Kroger ger","ContactLastName":"Grocery"},{"ContactAddress":[{"AddressTypeDescription":"Business","State":"IN1","AddressTypeCode":"B","PostalCode":"524004","Country":"United States","City":"Lafayette1","StreetAddress2":"Apt. 1010","StreetAddress1":"3000 Sunrise Dr1."},{"AddressTypeDescription":"Home","State":"INR","AddressTypeCode":"H","PostalCode":"524005","Country":"United States","City":"Lafayett","StreetAddress2":"Apt. 1011","StreetAddress1":"3001 Sunrise Dr."}],"ContactMiddleInitial":"cery","ContactType":{"ContactCode":"C","ContactDescription":"Emergency Contact"},"ContactPhoneNumber":[{"PhoneNumberTypeDescription":"Home","PhoneNumber":"9995512340","PhoneNumberTypeCode":"H"},{"PhoneNumberTypeDescription":"Mobile","PhoneNumber":"9995512350","PhoneNumberTypeCode":"M"},{"PhoneNumberTypeDescription":"Unknown","PhoneNumber":"9995512306","PhoneNumberTypeCode":"U"}],"ContactRelationToPatient":{"RelationshipTypeCode":"FTH","RelationshipTypeDescription":"Father"},"ContactFirstName":"Kro","ContactLastName":"Rosie"}],"Visit":{"PatientResponsibilityEstimate":"","PatientType":{"PatientTypeCode":"CLI","PatientTypeDescription":"CLINICAL PATIENTS"},"VisitProvider":[{"ProviderLastName":"ARENAS-HERRERA","ProviderType":{"ProviderTypeCode":"AT","ProviderTypeDescription":"Attending"},"ProviderNPI":"1447510011","ProviderFirstName":"JUAN","ProviderMiddleInitial":"E"},{"ProviderLastName":"WRIGHT","ProviderType":{"ProviderTypecode":"RP","ProviderTypeDescription":"Referring Provider"},"ProviderNPI":"1376525618","ProviderFirstName":"FRANK","ProviderMiddleInitial":"DAVID"},{"ProviderLastName":"ARENAS-HERRERA","ProviderType":{"ProviderTypecode":"CP","ProviderTypeDescription":"Consulting Provider"},"ProviderNPI":"1447510011","ProviderFirstName":"JUAN","ProviderMiddleInitial":"E"},{"ProviderLastName":"ARENAS-HERRERA","ProviderType":{"ProviderTypecode":"AD","ProviderTypeDescription":"Admitting"},"ProviderNPI":"1447510011","ProviderFirstName":"JUAN"}],"VisitService":"MD","FinancialClass":{"FinancialClassCode":"BC","FinancialClassDescription":"BLUE CROSS"},"CurrentBalance":"","VisitLocation":{"LocationRoom":"255 MD","LocationBuilding":"","LocationFloor":"","LocationDescription":"","LocationPointOfCare":{"PointofCareCode":"MFM","PointofCareDescription":"Maternal Fetal Medicine"},"LocationBed":"1","LocationFacility":"","LocationType":""},"VisitNumber":"K5322182922","VisitDate":"2022-02-22T10:00:00.000","PatientClass":{"PatientClassDescription":"Inpatient","PatientClassCode":"I"},"AccountNumber":"K5322182922","PreAdmissionNumber":"","VisitReadmisisonIndicator":"","VisitAdmissionReason":"","AdmitSource":{"AdmitSourceCode":"2","AdmitSourceDescription":"Clinic referral"},"AdmitType":{"AdmitTypeCode":"R","AdmitTypeDescription":"Routine"},"VisitDischargeDate":"","VisitLengthOfStay":"","VisitNewbornIndicator":""},"ModuleSubscription":[{"ModuleRefId":0}],"Patient":{"TenantPatientIdentifier":[{"TenantPatientIdentifierType":"MR","TenantPatientId":"K5322182922","TenantPatientIdentifierDescription":"Medical Record Number"},{"TenantPatientIdentifierType":"SSN","TenantPatientId":"666-68-4181","TenantPatientIdentifierDescription":"Social Security Number"},{"TenantPatientIdentifierType":"PI","TenantPatientId":"M7358463","TenantPatientIdentifierDescription":"Patient Internal Identifier"},{"TenantPatientIdentifierType":"EPI","TenantPatientId":"K5322182922","TenantPatientIdentifierDescription":"Enterprise Patient Identifier"}],"PatientFirstName":"HAZEL","PatientDateOfBirth":"2021-01-01","PatientGender":{"GenderCode":"M","GenderDescription":"Male"},"Religion":"Other","Citizenship":"US","PatientRace":{"RaceCode":"2106-3","RaceDescription":"White"},"PatientMultipleBirthOrder":"","Nationality":"US","PrimaryCareProvider":[{"ProviderLastName":"WRIGHT","ProviderType":{"ProviderTypeCode":"PP","ProviderTypeDescription":"Primary Care Provider"},"ProviderNPI":"1376525618","ProviderFirstName":"FRANK"}],"PatientMotherIdentifier":[],"MaritalStatus":"D","Occupation":"Engineer","Ethnicity":"NH","PatientLanguage":{"LanguageCode":"en","LanguageDescription":"English"},"DeceasedDateTime":"","PatientAddress":[{"AddressTypeDescription":"Home","State":"VA","AddressTypeCode":"H","PostalCode":"23602","Country":"USA","City":"NEWPORT NEWS","StreetAddress2":"","StreetAddress1":"1057 WILLOW GREEN"}],"PatientPhoneNumber":[{"PhoneNumberTypeDescription":"Mobile","PhoneNumber":"7402221234","PhoneNumberTypeCode":"M"},{"PhoneNumberTypeDescription":"Home","PhoneNumber":"7403339876","PhoneNumberTypeCode":"H"}],"PatientEmailAddress":"David.Rack@gmail.com","PatientLastName":"LAVAVE","IsEmployed":"Y","PatientMiddleInitial":"L","PatientMultipleBirthIndicator":"","IsDeceased":""},"TenantId":"18FDB1EF-1C3B-400E-9893-4DE5371AD68E","Accident":{"AutoAccidentState":"IN","AccidentDateTime":"2020-08-05T23:40:16.000","AccidentLocation":"At home test location","AccidentJobRelatedIndicator":"No","AccidentAddress":{"State":"IN","PostalCode":"37095","Country":"UNITED STATES","City":"Lafayette","StreetAddress2":"apt 1","StreetAddress1":"123 street"},"AccidentCode":"ACC","AccidentDeathIndicator":"No"},"ClaimOccurance":[{"OccuranceCode":"","OccuranceDate":""}],"Transaction":[{"EmployeeLastName":"Gaddam","EmployeeFirstName":"Vishnu","EventType":{"EventTypeCode":"A01","EventTypeDescription":"Admit\/visit notification"},"DocVersionNum":"0","EventDateTime":"2021-06-01T09:30:00.000","FacilityCode":"PRC01","EmployeeId":"1571","MessageType":"ADT","MessageId":"1499366"}],"Insurance":[{"InsuranceAssignmentOfBenefits":"N","InsurancePlanType":"Medicare","InsuranceGroupName":"Group A","InsurancePlanExpirationDate":"2021-12-01","InsuranceCompanyPhoneNumber":{"PhoneNumberTypeDescription":"Business","PhoneNumber":"800236138","PhoneNumberTypeCode":"B"},"InsuranceCoordinationOfBenefits":"N","InsuranceAuthorizationSource":"Insurance","InsurancePolicyNumber":"ABC#35208131","InsuranceCoordinationOfBenefitsPriority":"N","InsuranceGroupNumber":"BH_TX001_D01","InsuranceCertificationBeginDate":"2020-08-01","InsuranceAuthorizationNumber":"124124","InsuranceNoticedOfAdmissionDate":"2020-08-01","InsuranceCoverageType":"Full","InsuranceCertificationNumber":"464141","InsuranceNoticedOfAdmissionRequired":"Y","Insured":{"InsuredGender":{"GenderCode":"M","GenderDescription":"Male"},"InsuredDateOfBirth":"1960-11-02","Insuredid":"4103482905","InsuredGroupEmployerId":"1395173","InsuredRelationToPatient":{"RelationshipTypeCode":"SEL","RelationshipTypeDescription":"Self"},"InsuredMiddleInitial":"DARI","InsuredRace":{"RaceCode":"2028-9","RaceDescription":"Asian"},"InsuredAddress":{"State":"TX","PostalCode":"75287","Country":"United States","City":"DALLAS","StreetAddress2":"APT 1201 Rockhills Apartments","StreetAddress1":"2525 PLAYERS CT"},"InsuredCitizenship":"Yes","InsuredFirstName":"WOKOMAH","InsuredMartialStatus":"Married","InsuredGroupEmployerName":"Kroger","InsuredEmployementStatus":"Unemployed","InsuredLastName":"DARIEA","InsuredSSN":"435134926","InsuredEmployerAddress":{"State":"IN","PostalCode":"4795","Country":"United States","City":"Lafayette","StreetAddress2":"Suite 100","StreetAddress1":"100 W Main St"}},"InsuranceAuthorizationDate":"2020-08-01","InsurancePreAdmitCertification":"","InsuranceSequence":"1","InsuranceCertificationEndDate":"2020-08-30","InsuranceCertifiedBy":"Nancy Jones","InsurancePlanId":"SP","InsurancePlanName":"BlueCross BlueShield of Texas","InsuranceVerificationDate":"2020-09-01","InsuranceCompanyAddress":{"State":"TX","PostalCode":"77252","Country":"United States","City":"HOUSTON","StreetAddress2":"PO BOX 98170689","StreetAddress1":"PO BOX 981707"},"InsurancePlanEffectiveDate":"2020-12-01"},{"InsuranceAssignmentOfBenefits":"N","InsurancePlanType":"Medicare","InsuranceGroupName":"Group A","InsurancePlanExpirationDate":"2021-12-01","InsuranceCompanyPhoneNumber":{"PhoneNumberTypeDescription":"Business","PhoneNumber":"800236138","PhoneNumberTypeCode":"B"},"InsuranceCoordinationOfBenefits":"N","InsuranceAuthorizationSource":"Insurance","InsurancePolicyNumber":"ABC#35208131","InsuranceCoordinationOfBenefitsPriority":"N","InsuranceGroupNumber":"BH_TX001_D01","InsuranceCertificationBeginDate":"2020-08-01","InsuranceAuthorizationNumber":"124124","InsuranceNoticedOfAdmissionDate":"2020-08-01","InsuranceCoverageType":"Full","InsuranceCertificationNumber":"464141","InsuranceNoticedOfAdmissionRequired":"Y","Insured":{"InsuredGender":{"GenderCode":"M","GenderDescription":"Male"},"InsuredDateOfBirth":"1960-11-02","Insuredid":"4103482905","InsuredGroupEmployerId":"1395173","InsuredRelationToPatient":{"RelationshipTypeCode":"SEL","RelationshipTypeDescription":"Self"},"InsuredMiddleInitial":"DARI","InsuredRace":{"RaceCode":"2028-9","RaceDescription":"Asian"},"InsuredAddress":{"State":"TX","PostalCode":"75287","Country":"United States","City":"DALLAS","StreetAddress2":"APT 1201","StreetAddress1":"2525 PLAYERS CT"},"InsuredCitizenship":"yes","InsuredFirstName":"WOKOMAH","InsuredMartialStatus":"Married","InsuredGroupEmployerName":"Kroger","InsuredEmployementStatus":"Unemployed","InsuredLastName":"DARIEA","InsuredSSN":"435134926","InsuredEmployerAddress":{"State":"IN","PostalCode":"4795","Country":"United States","City":"Lafayette","StreetAddress2":"Suite 100","StreetAddress1":"100 W Main St"}},"InsuranceAuthorizationDate":"2020-08-01","InsurancePreAdmitCertification":"","InsuranceSequence":"2","InsuranceCertificationEndDate":"2020-08-30","InsuranceCertifiedBy":"Nancy Jones","InsurancePlanId":"MCD","InsurancePlanName":"Texas Medicaid","InsuranceVerificationDate":"2020-09-01","InsuranceCompanyAddress":{"State":"TX","PostalCode":"77252","Country":"United States","City":"HOUSTON","StreetAddress2":"PO BOX 98170689","StreetAddress1":"PO BOX 981707"},"InsurancePlanEffectiveDate":"2020-12-01"},{"InsuranceAssignmentOfBenefits":"N","InsurancePlanType":"Medicare","InsuranceGroupName":"Group A","InsurancePlanExpirationDate":"2021-12-01","InsuranceCompanyPhoneNumber":{"PhoneNumberTypeDescription":"Business","PhoneNumber":"800236138","PhoneNumberTypeCode":"B"},"InsuranceCoordinationOfBenefits":"N","InsuranceAuthorizationSource":"Insurance","InsurancePolicyNumber":"ABC#35208131","InsuranceCoordinationOfBenefitsPriority":"N","InsuranceGroupNumber":"BH_TX001_D01","InsuranceCertificationBeginDate":"2020-08-01","InsuranceAuthorizationNumber":"124124","InsuranceNoticedOfAdmissionDate":"2020-08-01","InsuranceCoverageType":"Full","InsuranceCertificationNumber":"464141","InsuranceNoticedOfAdmissionRequired":"Y","Insured":{"InsuredGender":{"GenderCode":"M","GenderDescription":"Male"},"InsuredDateOfBirth":"1960-11-02","Insuredid":"4103482905","InsuredGroupEmployerId":"1395173","InsuredRelationToPatient":{"RelationshipTypeCode":"SEL","RelationshipTypeDescription":"Self"},"InsuredMiddleInitial":"DARI","InsuredRace":{"RaceCode":"2106-3","RaceDescription":"White"},"InsuredAddress":{"State":"","PostalCode":"75287","Country":"United States","City":"DALLAS","StreetAddress2":"APT 1201","StreetAddress1":""},"InsuredCitizenship":"Yes","InsuredFirstName":"Hulk","InsuredMartialStatus":"Married","InsuredGroupEmployerName":"Kroger","InsuredEmployementStatus":"Unemployed","InsuredLastName":"Patel","InsuredSSN":"435134926","InsuredEmployerAddress":{"State":"IN","PostalCode":"4795","Country":"United States","City":"Lafayette","StreetAddress2":"Suite 100","StreetAddress1":"100 W Main St"}},"InsuranceAuthorizationDate":"2020-08-01","InsurancePreAdmitCertification":"","InsuranceSequence":"3","InsuranceCertificationEndDate":"2020-08-30","InsuranceCertifiedBy":"Nancy Jones","InsurancePlanId":"SUP","InsurancePlanName":"Supplimental Insurance","InsuranceVerificationDate":"2020-09-01","InsuranceCompanyAddress":{"State":"TX","PostalCode":"77252","Country":"United States","City":"HOUSTON","StreetAddress2":"PO BOX 98170689","StreetAddress1":"PO BOX 981707"},"InsurancePlanEffectiveDate":"2020-12-01"}],"Guarantor":[{"GuarantorEmployerAddress":[{"State":"TX","PostalCode":"77551","Country":"US","City":"GALVESTON","StreetAddress2":"","StreetAddress1":"7501 AVENUE P"}],"GuarantorNumber":"GN00000001","GuarantorLanguage":{"LanguageCode":"en","LanguageDescription":"English"},"GuarantorEmployementStatus":"Full time employed","GuarantorGender":{"GenderCode":"F","GenderDescription":"Female"},"GuarantorMiddleInitial":"N","GuarantorEmployerName":"EmployeeName","GuarantorSpouseLastName":"Ginny","GuarantorDateOfBirth":"1980-10-12","GuarantorFirstName":"CHARLES","GuarantorAddress":[{"State":"WA","PostalCode":"98315","Country":"US","City":"SILVERDALE","AddressType":{"AddressDescription":"Home","AddressCode":"H"},"StreetAddress2":"","StreetAddress1":"2300 GATO 310"}],"GuarantorLastName":"WOOD","GuarantorSSN":"666-90-0780","GuarantorEmail":"","GuarantorSpouseFirstName":"Smith","GuarantorRelationToPatient":{"RelationshipTypeCode":"SPO","RelationshipTypeDescription":"Spouse"},"GuarantorPhoneNumber":[{"PhoneNumberTypeDescription":"Mobile","PhoneNumber":"7405550123","PhoneNumberTypeCode":"M"},{"PhoneNumberTypeDescription":"Home","PhoneNumber":"7405500001","PhoneNumberTypeCode":"H"}]}],"Observation":[{"ObservationAbnormalFlag":[],"ObservationType":"","ObservationResponsibleObserver":{"ResponsibleObeserverFirstName":"","ResponsibleOberverId":"","ResponsibleObeserverLastName":""},"ObservationProbability":"","ObservationNumber":"","ObservationLastNormalResultDate":"","ObservationProducerId":"","ObservationNatureOfAbnormalTest":[],"ObservationUnits":"","ObservationRange":"","ObservationDateTime":"","ObservationResultStatus":"","ObservationValue":[]}],"DRG":[{"DRG":"37","DRGAssignedDateTime":""}],"SchemaVersionNum":"1.0","Procedure":[{"ProcedureType":"TEST856","ProcedureModifierList":[{"ModifierCode":"A1"}],"LastUpdateBy":"","ProcedureUnits":"1","CreatedBy":"","ProcedureProvider":[{"ProviderLastName":"Patil","ProviderType":{"ProviderTypeCode":"HIPAA","ProviderTypeDescription":"Health portability and accountabilty act"},"ProviderNPI":"A7895","ProviderFirstName":"Srinivas"}],"ProcedureDate":"","LastUpdateDateUTC":"","ProcedureAthesiaCode":"TTML","ProcedureAnthesiaMinutes":"15","CreatedDateUTC":"","ProcedurePriority":"High","ExpirationDateUTC":"","CreatedByType":"","ProcedureName":{"ProcedureCode":"0001A","ProcedureDescription":"Adm SARSCoV2 30mcg\/0.3mL 1st"},"LastUpdateByType":"","ProcedureAssociatedDiagnosisCode":"ABC123","ProcedureNumber":"123"}],"FacilityTimeZoneOffSet":"-05:00","Diagnosis":[{"DiagnosisDescription":{"DiagnosisName":"","DiagnosisCode":"J96.21"},"DiagnosingClinician":[{"DiagnosingClinicianFirstName":"","DiagnosingClinicianId":"","DiagnosingClinicianLastName":""}],"DiagnosisConfidentialIndicator":"","DiagnosisClassification":"","DiagnosisType":"Admitting","DiagnosisAssertationDateTime":"","DiagnosisDateTime":"2020-07-21T04:00:00.000"}]}