{"Appointment":{"AppointmentReason":"Imaging","AppointmentGeneralResource":[],"AppointmentType":"Normal","AppointmentStartDate":"2022-07-25T15:00:00.000","AppointmentId":"2062215387V2","AppointmentNote":[],"AppointmentDurationUnits":"min","AppointmentStatus":"","AppointmentEndDate":"2022-07-25T15:00:00.000","AppointmentDuration":"30","AppointmentService":[]},"PatientContact":[{"ContactAddress":[{"AddressTypeDescription":"Home","State":"Louisiana","AddressTypeCode":"H","PostalCode":"92729","Country":"","City":"Catherynton","StreetAddress2":"","StreetAddress1":"20340 Leannon Stream"}],"ConctactOrganizationName":"","ContactMiddleInitial":"","ContactType":{"ContactCode":"N","ContactDescription":"Next-of-Kin"},"ContactPhoneNumber":[{"PhoneNumberTypeDescription":"Mobile","PhoneNumber":"3431452446","PhoneNumberTypeCode":"M"}],"ContactRelationToPatient":{"RelationshipTypeCode":"SPO","RelationshipTypeDescription":"Spouse"},"ContactFirstName":"Guadalupe","ContactLastName":"Feeney"},{"ContactAddress":[{"AddressTypeDescription":"Home","State":"Maine","AddressTypeCode":"H","PostalCode":"49578-3677","Country":"","City":"South Othafort","StreetAddress2":"","StreetAddress1":"669 Franecki Meadow"}],"ConctactOrganizationName":"","ContactMiddleInitial":"","ContactType":{"ContactCode":"C","ContactDescription":"Emergency Contact"},"ContactPhoneNumber":[{"PhoneNumberTypeDescription":"Mobile","PhoneNumber":"1845109816","PhoneNumberTypeCode":"M"},{"PhoneNumberTypeDescription":"Home","PhoneNumber":"7913645365","PhoneNumberTypeCode":"H"}],"ContactRelationToPatient":{"RelationshipTypeCode":"EXF","RelationshipTypeDescription":"Extended family"},"ContactFirstName":"Leida","ContactLastName":"Hand"},{"ContactAddress":[{"AddressTypeDescription":"Business","State":"Iowa","AddressTypeCode":"B","PostalCode":"65737","Country":"","City":"Treutelfurt","StreetAddress2":"","StreetAddress1":"044 Courtney Centers"}],"ConctactOrganizationName":"Thunder Paws","ContactMiddleInitial":"","ContactType":{"ContactCode":"E","ContactDescription":"Employer"},"ContactPhoneNumber":[],"ContactRelationToPatient":{"RelationshipTypeCode":"UNK","RelationshipTypeDescription":"Unknown"},"ContactFirstName":"","ContactLastName":"Block"}],"Visit":{"PatientResponsibilityEstimate":"60","PatientType":{"PatientTypeCode":"SDC","PatientTypeDescription":""},"VisitProvider":[{"ProviderLastName":"WRIGHT","ProviderType":{"ProviderTypeCode":"PP","ProviderTypeDescription":"Primary Care Provider"},"ProviderNPI":"1376525618","ProviderFirstName":"FRANK"},{"ProviderLastName":"WRIGHT","ProviderType":{"ProviderTypeCode":"FHCP","ProviderTypeDescription":"Family Health Care Professional"},"ProviderNPI":"1376525618","ProviderFirstName":"FRANK"},{"ProviderLastName":"TSEN","ProviderType":{"ProviderTypeCode":"AT","ProviderTypeDescription":"Attending"},"ProviderNPI":"1205803442","ProviderFirstName":"TONY"},{"ProviderLastName":"TSEN","ProviderType":{"ProviderTypeCode":"RP","ProviderTypeDescription":"Referring Provider"},"ProviderNPI":"1205803442","ProviderFirstName":"TONY"}],"VisitService":"","FinancialClass":{"FinancialClassCode":"MINS","FinancialClassDescription":""},"CurrentBalance":"","VisitLocation":{"LocationRoom":"","LocationBuilding":"","LocationFloor":"","LocationDescription":"","LocationPointOfCare":{"PointofCareCode":"MFM","PointofCareDescription":"Maternal Fetal Medicine"},"LocationBed":"","LocationFacility":"","LocationType":""},"VisitNumber":"A2062215387","VisitDate":"2022-07-25T12:56:00.000","PatientClass":{"PatientClassDescription":"Outpatient","PatientClassCode":"O"},"AccountNumber":"A2062215387","PreAdmissionNumber":"","VisitReadmisisonIndicator":"","VisitAdmissionReason":"EGD\/\/Food Impaction","AdmitSource":{"AdmitSourceCode":"1","AdmitSourceDescription":"Physician referral"},"AdmitType":{"AdmitTypeCode":"U","AdmitTypeDescription":"Urgent"},"VisitDischargeDate":"2021-01-26T15:13:00.000","VisitLengthOfStay":"","VisitNewbornIndicator":"No"},"ModuleSubscription":[{"ModuleRefId":0}],"Patient":{"TenantPatientIdentifier":[{"TenantPatientIdentifierType":"MR","TenantPatientId":"A2062215387","TenantPatientIdentifierDescription":"Medical Record Number"},{"TenantPatientIdentifierType":"SSN","TenantPatientId":"959-85-5348","TenantPatientIdentifierDescription":"Social Security Number"},{"TenantPatientIdentifierType":"EPI","TenantPatientId":"A2062215387","TenantPatientIdentifierDescription":"Enterprise Patient Identifier"},{"TenantPatientIdentifierType":"PI","TenantPatientId":"PI-12345","TenantPatientIdentifierDescription":"Patient Internal Identifier"}],"PatientFirstName":"Dorene","PatientDateOfBirth":"1980-02-27","PatientGender":{"GenderCode":"F","GenderDescription":"Female"},"Religion":"","Citizenship":"","PatientRace":{"RaceCode":"2106-3","RaceDescription":"White"},"PatientMultipleBirthOrder":"","Nationality":"","PrimaryCareProvider":[],"PatientMotherIdentifier":[],"MaritalStatus":"M","Occupation":"","Ethnicity":"NH","PatientLanguage":{"LanguageCode":"en","LanguageDescription":"English"},"DeceasedDateTime":"","PatientAddress":[{"AddressTypeDescription":"Home","State":"Georgia","AddressTypeCode":"H","PostalCode":"16405-0385","Country":"USA","City":"Port Dominic","StreetAddress2":"","StreetAddress1":"044 Stiedemann Square"}],"PatientPhoneNumber":[{"PhoneNumberTypeDescription":"Mobile","PhoneNumber":"5373903449","PhoneNumberTypeCode":"M"},{"PhoneNumberTypeDescription":"Business","PhoneNumber":"8316953040","PhoneNumberTypeCode":"B"}],"PatientEmailAddress":"zenobia.weimann@yahoo.com","PatientLastName":"Corwin","IsEmployed":"","PatientMiddleInitial":"Denise","PatientMultipleBirthIndicator":"","IsDeceased":""},"TenantId":"18FDB1EF-1C3B-400E-9893-4DE5371AD68E","Accident":{},"ClaimOccurance":[],"Transaction":[{"EmployeeLastName":"BARRON","EmployeeFirstName":"KATHLEEN","EventType":{"EventTypeCode":"S12","EventTypeDescription":"New Appointment"},"DocVersionNum":"0","EventDateTime":"2021-02-01T21:46:10.750","FacilityCode":"PRC01","EmployeeId":"KBARRON","MessageType":"SIU","MessageId":"6295240"}],"Insurance":[{"InsuranceAssignmentOfBenefits":"","InsurancePlanType":"","InsuranceGroupName":"NRECA AMERICAS ELECTRIC CORP","InsurancePlanExpirationDate":"","InsuranceCompanyPhoneNumber":{"PhoneNumberTypeDescription":"Business","PhoneNumber":"8005267322","PhoneNumberTypeCode":"B"},"InsuranceCoordinationOfBenefits":"","InsuranceAuthorizationSource":"","InsuranceCoordinationOfBenefitsPriority":"","InsurancePolicyNumber":"6939","InsuranceGroupNumber":"76411406","InsuranceCertificationBeginDate":"","InsuranceAuthorizationNumber":"Auth No precert rqd","InsuranceNoticedOfAdmissionDate":"","InsuranceCoverageType":"","InsuranceCertificationNumber":"","InsuranceNoticedOfAdmissionRequired":"","Insured":{"InsuredGender":{"GenderCode":"M","GenderDescription":"Male"},"InsuredDateOfBirth":"1980-02-27","Insuredid":"","InsuredGroupEmployerId":"","InsuredRelationToPatient":{"RelationshipTypeCode":"SPO","RelationshipTypeDescription":"Spouse"},"InsuredMiddleInitial":"A","InsuredRace":{},"InsuredAddress":{"State":"Arkansas","PostalCode":"14255","Country":"","City":"South Wayne","StreetAddress2":"","StreetAddress1":"584 Donny Isle"},"InsurancedPhoneNumber":{"PhoneNumberTypeDescription":"Home","PhoneNumber":"8305600391","PhoneNumberTypeCode":"H"},"InsuredCitizenship":"","InsuredFirstName":"Dorene","InsuredMartialStatus":"M","InsuredGroupEmployerName":"TEC","InsuredEmployementStatus":"Unknown","InsuredLastName":"Corwin","InsuredSSN":"959-85-5348","InsuredEmployerAddress":{"State":"TX","PostalCode":"78155","Country":"","City":"SEGUIN","StreetAddress2":"","StreetAddress1":"unknown"}},"InsuranceAuthorizationDate":"","InsurancePreAdmitCertification":"","InsuranceSequence":"1","InsuranceCertificationEndDate":"","InsuranceCertifiedBy":"","InsurancePlanId":"UMR","InsurancePlanName":"Umr","InsuranceVerificationDate":"","InsuranceCompanyAddress":{"State":"UT","PostalCode":"84130-0515","Country":"","City":"Salt Lake City","StreetAddress2":"","StreetAddress1":"Po Box 30515"},"InsurancePlanEffectiveDate":"2021-01-25"},{"InsuranceAssignmentOfBenefits":"","InsuranceNoticedOfAdmissionRequired":"","InsurancePlanType":"","InsuranceGroupName":"","InsurancePlanExpirationDate":"","InsuranceCompanyPhoneNumber":{"PhoneNumberTypeDescription":"Business","PhoneNumber":"8303792411","PhoneNumberTypeCode":"B"},"InsuranceCoordinationOfBenefits":"","Insured":{"InsuredAddress":{},"InsuredGender":{"GenderCode":"U","GenderDescription":"Unknown"},"InsuredFirstName":"","InsuredGroupEmployerName":"","InsuredDateOfBirth":"","InsuredEmployementStatus":"Unknown","InsuredLastName":"","Insuredid":"","InsuredGroupEmployerId":"","InsuredRelationToPatient":{"RelationshipTypeCode":"UNK","RelationshipTypeDescription":"Unknown"},"InsuredMiddleInitial":"","InsuredEmployerAddress":{}},"InsuranceAuthorizationSource":"","InsuranceAuthorizationDate":"","InsuranceCoordinationOfBenefitsPriority":"","InsurancePreAdmitCertification":"","InsurancePolicyNumber":"","InsuranceSequence":"2","InsuranceGroupNumber":"","InsurancePlanId":"SP","InsuranceAuthorizationNumber":"","InsuranceNoticedOfAdmissionDate":"","InsurancePlanName":"SELF PAY ACCOUNT","InsuranceCoverageType":"","InsuranceVerificationDate":"","InsuranceCompanyAddress":{"State":"TX","PostalCode":"78155","Country":"","City":"SEGUIN","StreetAddress2":"","StreetAddress1":"1215 E COURT ST"},"InsurancePlanEffectiveDate":"2021-01-25"}],"Guarantor":[{"GuarantorRace":{"RaceCode":"2131-1","RaceDescription":"Other Race"},"GuarantorEmployerAddress":[{"State":"TX","PostalCode":"78155","Country":"","City":"Seguin","StreetAddress2":"","StreetAddress1":"206 S Austin Street"}],"GuarantorNumber":"","GuarantorLanguage":{"LanguageCode":"un","LanguageDescription":"Unknown"},"GuarantorEmployementStatus":"Unknown","GuarantorEthnicity":"","GuarantorCitizenship":"","GuarantorReligion":"","GuarantorGender":{"GenderCode":"U","GenderDescription":"Unknown"},"GuarantorMiddleInitial":"Denise","GuarantorEmployerName":"THUNDER PA","GuarantorSpouseLastName":"","GuarantorMaritalStatus":"","GuarantorDateOfBirth":"1980-02-27","GuarantorFirstName":"Dorene","GuarantorAddress":[{"State":"Arkansas","PostalCode":"78155","Country":"","City":"South Wayne","AddressType":{"AddressDescription":"Home","AddressCode":"H"},"StreetAddress2":"","StreetAddress1":"584 Donny Isle"}],"GuarantorLastName":"Corwin","GuarantorSSN":"959-85-5348","GuarantorEmail":"","GuarantorSpouseFirstName":"","GuarantorRelationToPatient":{"RelationshipTypeCode":"SEL","RelationshipTypeDescription":"Self"},"GuarantorPhoneNumber":[{"PhoneNumberTypeDescription":"Mobile","PhoneNumber":"4826280872","PhoneNumberTypeCode":"M"}]}],"Observation":[{"ObservationAbnormalFlag":[],"ObservationType":"ST","ObservationResponsibleObserver":{},"ObservationProbability":"","ObservationNumber":"1010.1","ObservationLastNormalResultDate":"","ObservationProducerId":"","ObservationNatureOfAbnormalTest":[],"ObservationUnits":"kg","ObservationRange":"","ObservationResultStatus":"F","ObservationDateTime":"2021-01-26T13:36:00.000","ObservationValue":["95.254397"]},{"ObservationAbnormalFlag":[],"ObservationType":"ST","ObservationResponsibleObserver":{},"ObservationProbability":"","ObservationNumber":"1010.3","ObservationLastNormalResultDate":"","ObservationProducerId":"","ObservationNatureOfAbnormalTest":[],"ObservationUnits":"cm","ObservationRange":"","ObservationResultStatus":"F","ObservationDateTime":"2021-01-26T13:36:00.000","ObservationValue":["175.26"]},{"ObservationAbnormalFlag":[],"ObservationType":"TX","ObservationResponsibleObserver":{},"ObservationProbability":"","ObservationNumber":"REG.ADVDIR","ObservationLastNormalResultDate":"","ObservationProducerId":"","ObservationNatureOfAbnormalTest":[],"ObservationUnits":"","ObservationRange":"","ObservationResultStatus":"F","ObservationDateTime":"","ObservationValue":["N"]},{"ObservationAbnormalFlag":[],"ObservationType":"TX","ObservationResponsibleObserver":{},"ObservationProbability":"","ObservationNumber":"REG.ADVDIR3","ObservationLastNormalResultDate":"","ObservationProducerId":"","ObservationNatureOfAbnormalTest":[],"ObservationUnits":"","ObservationRange":"","ObservationResultStatus":"F","ObservationDateTime":"","ObservationValue":["N"]},{"ObservationAbnormalFlag":[],"ObservationType":"TX","ObservationResponsibleObserver":{},"ObservationProbability":"","ObservationNumber":"REG.ADVDIR4","ObservationLastNormalResultDate":"","ObservationProducerId":"","ObservationNatureOfAbnormalTest":[],"ObservationUnits":"","ObservationRange":"","ObservationResultStatus":"F","ObservationDateTime":"","ObservationValue":["N"]},{"ObservationAbnormalFlag":[],"ObservationType":"TX","ObservationResponsibleObserver":{},"ObservationProbability":"","ObservationNumber":"REG.ADVDIR5","ObservationLastNormalResultDate":"","ObservationProducerId":"","ObservationNatureOfAbnormalTest":[],"ObservationUnits":"","ObservationRange":"","ObservationResultStatus":"F","ObservationDateTime":"","ObservationValue":["N"]},{"ObservationAbnormalFlag":[],"ObservationType":"TX","ObservationResponsibleObserver":{},"ObservationProbability":"","ObservationNumber":"REG.ANNSIG","ObservationLastNormalResultDate":"","ObservationProducerId":"","ObservationNatureOfAbnormalTest":[],"ObservationUnits":"","ObservationRange":"","ObservationResultStatus":"F","ObservationDateTime":"","ObservationValue":["20200319"]},{"ObservationAbnormalFlag":[],"ObservationType":"TX","ObservationResponsibleObserver":{},"ObservationProbability":"","ObservationNumber":"REG.ANNSIG1","ObservationLastNormalResultDate":"","ObservationProducerId":"","ObservationNatureOfAbnormalTest":[],"ObservationUnits":"","ObservationRange":"","ObservationResultStatus":"F","ObservationDateTime":"","ObservationValue":["20210318"]},{"ObservationAbnormalFlag":[],"ObservationType":"TX","ObservationResponsibleObserver":{},"ObservationProbability":"","ObservationNumber":"REG.BILLRIGHTS","ObservationLastNormalResultDate":"","ObservationProducerId":"","ObservationNatureOfAbnormalTest":[],"ObservationUnits":"","ObservationRange":"","ObservationResultStatus":"F","ObservationDateTime":"","ObservationValue":["Y"]},{"ObservationAbnormalFlag":[],"ObservationType":"TX","ObservationResponsibleObserver":{},"ObservationProbability":"","ObservationNumber":"REG.COA","ObservationLastNormalResultDate":"","ObservationProducerId":"","ObservationNatureOfAbnormalTest":[],"ObservationUnits":"","ObservationRange":"","ObservationResultStatus":"F","ObservationDateTime":"","ObservationValue":["Y"]},{"ObservationAbnormalFlag":[],"ObservationType":"TX","ObservationResponsibleObserver":{},"ObservationProbability":"","ObservationNumber":"REG.ENPORTAL","ObservationLastNormalResultDate":"","ObservationProducerId":"","ObservationNatureOfAbnormalTest":[],"ObservationUnits":"","ObservationRange":"","ObservationResultStatus":"F","ObservationDateTime":"","ObservationValue":["N"]},{"ObservationAbnormalFlag":[],"ObservationType":"TX","ObservationResponsibleObserver":{},"ObservationProbability":"","ObservationNumber":"REG.ESTIMATE","ObservationLastNormalResultDate":"","ObservationProducerId":"","ObservationNatureOfAbnormalTest":[],"ObservationUnits":"","ObservationRange":"","ObservationResultStatus":"F","ObservationDateTime":"","ObservationValue":["3840.26"]},{"ObservationAbnormalFlag":[],"ObservationType":"TX","ObservationResponsibleObserver":{},"ObservationProbability":"","ObservationNumber":"REG.NOTICEDATE","ObservationLastNormalResultDate":"","ObservationProducerId":"","ObservationNatureOfAbnormalTest":[],"ObservationUnits":"","ObservationRange":"","ObservationResultStatus":"F","ObservationDateTime":"","ObservationValue":["20200319"]},{"ObservationAbnormalFlag":[],"ObservationType":"TX","ObservationResponsibleObserver":{},"ObservationProbability":"","ObservationNumber":"REG.NOTICEGIVEN","ObservationLastNormalResultDate":"","ObservationProducerId":"","ObservationNatureOfAbnormalTest":[],"ObservationUnits":"","ObservationRange":"","ObservationResultStatus":"F","ObservationDateTime":"","ObservationValue":["20210318"]},{"ObservationAbnormalFlag":[],"ObservationType":"TX","ObservationResponsibleObserver":{},"ObservationProbability":"","ObservationNumber":"RESP.POSAT","ObservationLastNormalResultDate":"","ObservationProducerId":"","ObservationNatureOfAbnormalTest":[],"ObservationUnits":"","ObservationRange":"","ObservationResultStatus":"F","ObservationDateTime":"","ObservationValue":["100"]},{"ObservationAbnormalFlag":[],"ObservationType":"TX","ObservationResponsibleObserver":{},"ObservationProbability":"","ObservationNumber":"VS.BP","ObservationLastNormalResultDate":"","ObservationProducerId":"","ObservationNatureOfAbnormalTest":[],"ObservationUnits":"","ObservationRange":"","ObservationResultStatus":"F","ObservationDateTime":"","ObservationValue":["119\/77"]},{"ObservationAbnormalFlag":[],"ObservationType":"TX","ObservationResponsibleObserver":{},"ObservationProbability":"","ObservationNumber":"VS.HEIGHT","ObservationLastNormalResultDate":"","ObservationProducerId":"","ObservationNatureOfAbnormalTest":[],"ObservationUnits":"","ObservationRange":"","ObservationResultStatus":"F","ObservationDateTime":"","ObservationValue":["175.26"]},{"ObservationAbnormalFlag":[],"ObservationType":"TX","ObservationResponsibleObserver":{},"ObservationProbability":"","ObservationNumber":"VS.PULSE","ObservationLastNormalResultDate":"","ObservationProducerId":"","ObservationNatureOfAbnormalTest":[],"ObservationUnits":"","ObservationRange":"","ObservationResultStatus":"F","ObservationDateTime":"","ObservationValue":["70"]},{"ObservationAbnormalFlag":[],"ObservationType":"TX","ObservationResponsibleObserver":{},"ObservationProbability":"","ObservationNumber":"VS.RESP","ObservationLastNormalResultDate":"","ObservationProducerId":"","ObservationNatureOfAbnormalTest":[],"ObservationUnits":"","ObservationRange":"","ObservationResultStatus":"F","ObservationDateTime":"","ObservationValue":["18"]},{"ObservationAbnormalFlag":[],"ObservationType":"TX","ObservationResponsibleObserver":{},"ObservationProbability":"","ObservationNumber":"VS.TEMP","ObservationLastNormalResultDate":"","ObservationProducerId":"","ObservationNatureOfAbnormalTest":[],"ObservationUnits":"","ObservationRange":"","ObservationResultStatus":"F","ObservationDateTime":"","ObservationValue":["36.6"]},{"ObservationAbnormalFlag":[],"ObservationType":"TX","ObservationResponsibleObserver":{},"ObservationProbability":"","ObservationNumber":"VS.WEIGHT","ObservationLastNormalResultDate":"","ObservationProducerId":"","ObservationNatureOfAbnormalTest":[],"ObservationUnits":"","ObservationRange":"","ObservationResultStatus":"F","ObservationDateTime":"","ObservationValue":["95254.397"]}],"DRG":[{"DRG":"38","DRGAssignedDateTime":""}],"SchemaVersionNum":"1.0","Procedure":[{"ProcedureType":"TEST856","ProcedureModifierList":[{"ModifierCode":"A1"}],"LastUpdateBy":"","ProcedureUnits":"1","CreatedBy":"","ProcedureProvider":[{"ProviderLastName":"Patil","ProviderType":{"ProviderTypeCode":"HIPAA","ProviderTypeDescription":"Health portability and accountabilty act"},"ProviderNPI":"A7895","ProviderFirstName":"Srinivas"}],"ProcedureDate":"","LastUpdateDateUTC":"","ProcedureAthesiaCode":"TTML","ProcedureAnthesiaMinutes":"15","CreatedDateUTC":"","ProcedurePriority":"High","ExpirationDateUTC":"","CreatedByType":"","ProcedureName":{"ProcedureCode":"0001A","ProcedureDescription":"Adm SARSCoV2 30mcg\/0.3mL 1st"},"LastUpdateByType":"","ProcedureAssociatedDiagnosisCode":"ABC123","ProcedureNumber":"123"}],"FacilityTimeZoneOffSet":"-06:00","Diagnosis":[{"DiagnosisDescription":{"DiagnosisName":"K22.2 - Esophageal obstruction","DiagnosisCode":"K22.2"},"DiagnosingClinician":[],"DiagnosisConfidentialIndicator":"","DiagnosisClassification":"","DiagnosisType":"Final","DiagnosisAssertationDateTime":"","DiagnosisDateTime":""}]}