{"Appointment":{"AppointmentReason":"Imaging","AppointmentGeneralResource":[],"AppointmentType":"Normal","AppointmentStartDate":"2022-07-26T15:00:00.000","AppointmentId":"2072217177V2","AppointmentNote":[],"AppointmentDurationUnits":"min","AppointmentStatus":"","AppointmentEndDate":"2022-07-26T15:00:00.000","AppointmentDuration":"30","AppointmentService":[]},"PatientContact":[{"ContactAddress":[{"AddressTypeDescription":"Home","State":"INR","AddressTypeCode":"H","PostalCode":"524005","Country":"United States","City":"Lafayett","StreetAddress2":"Apt. 1011","StreetAddress1":"2001 Sunrise Dr."}],"ContactPhoneNumber":[{"PhoneNumberTypeDescription":"Home","PhoneNumber":"9995512340","PhoneNumberTypeCode":"H"},{"PhoneNumberTypeDescription":"Mobile","PhoneNumber":"9995512350","PhoneNumberTypeCode":"M"}]},{"ContactAddress":[{"AddressTypeDescription":"Home","State":"INR","AddressTypeCode":"H","PostalCode":"524005","Country":"United States","City":"Lafayett","StreetAddress2":"Apt. 1011","StreetAddress1":"3001 Sunrise Dr."}],"ContactMiddleInitial":"cery","ContactType":{"ContactCode":"C","ContactDescription":"Emergency Contact"},"ContactPhoneNumber":[{"PhoneNumberTypeDescription":"Home","PhoneNumber":"9995512340","PhoneNumberTypeCode":"H"},{"PhoneNumberTypeDescription":"Mobile","PhoneNumber":"9995512350","PhoneNumberTypeCode":"M"}],"ContactRelationToPatient":{"RelationshipTypeCode":"FTH","RelationshipTypeDescription":"Father"},"ContactFirstName":"Kro","ContactLastName":"Rosie"}],"Visit":{"PatientResponsibilityEstimate":"","PatientType":{"PatientTypeCode":"CLI","PatientTypeDescription":"CLINICAL PATIENTS"},"VisitProvider":[{"ProviderLastName":"ARENAS-HERRERA","ProviderType":{"ProviderTypeCode":"AT","ProviderTypeDescription":"Attending"},"ProviderNPI":"1447510011","ProviderFirstName":"JUAN","ProviderMiddleInitial":"E"},{"ProviderLastName":"WRIGHT","ProviderType":{"ProviderTypecode":"RP","ProviderTypeDescription":"Referring Provider"},"ProviderNPI":"1376525618","ProviderFirstName":"FRANK","ProviderMiddleInitial":"DAVID"},{"ProviderLastName":"ARENAS-HERRERA","ProviderType":{"ProviderTypecode":"CP","ProviderTypeDescription":"Consulting Provider"},"ProviderNPI":"1447510011","ProviderFirstName":"JUAN","ProviderMiddleInitial":"E"},{"ProviderLastName":"ARENAS-HERRERA","ProviderType":{"ProviderTypecode":"AD","ProviderTypeDescription":"Admitting"},"ProviderNPI":"1447510011","ProviderFirstName":"JUAN"}],"VisitService":"MD","FinancialClass":{"FinancialClassCode":"SP","FinancialClassDescription":""},"CurrentBalance":"","VisitLocation":{"LocationRoom":"255 MD","LocationBuilding":"","LocationFloor":"","LocationDescription":"","LocationPointOfCare":{"PointofCareCode":"MFM","PointofCareDescription":"Maternal Fetal Medicine"},"LocationBed":"1","LocationFacility":"","LocationType":""},"VisitNumber":"VN2622174671","VisitDate":"2022-07-26T12:56:00.000","PatientClass":{"PatientClassDescription":"Inpatient","PatientClassCode":"I"},"AccountNumber":"VN2622174671","PreAdmissionNumber":"","VisitReadmisisonIndicator":"","VisitAdmissionReason":"","AdmitSource":{"AdmitSourceCode":"2","AdmitSourceDescription":"Clinic referral"},"AdmitType":{"AdmitTypeCode":"R","AdmitTypeDescription":"Routine"},"VisitDischargeDate":"","VisitLengthOfStay":"","VisitNewbornIndicator":""},"ModuleSubscription":[{"ModuleRefId":0}],"Patient":{"TenantPatientIdentifier":[{"TenantPatientIdentifierType":"MR","TenantPatientId":"VN2622174671","TenantPatientIdentifierDescription":"Medical Record Number"},{"TenantPatientIdentifierType":"SSN","TenantPatientId":"633-41-1885","TenantPatientIdentifierDescription":"Social Security Number"},{"TenantPatientIdentifierType":"PI","TenantPatientId":"A3602012161","TenantPatientIdentifierDescription":"Patient Internal Identifier"},{"TenantPatientIdentifierType":"EPI","TenantPatientId":"VN2622174671","TenantPatientIdentifierDescription":"Enterprise Patient Identifier"}],"PatientFirstName":"Automation","PatientDateOfBirth":"1980-10-12","PatientGender":{"GenderCode":"M","GenderDescription":"Male"},"Religion":"Other","Citizenship":"US","PatientRace":{"RaceCode":"2106-3","RaceDescription":"White"},"PatientMultipleBirthOrder":"","Nationality":"US","PrimaryCareProvider":[{"ProviderLastName":"WRIGHT","ProviderType":{"ProviderTypeCode":"PP","ProviderTypeDescription":"Primary Care Provider"},"ProviderNPI":"1376525618","ProviderFirstName":"FRANK"}],"PatientMotherIdentifier":[],"MaritalStatus":"D","Occupation":"Engineer","Ethnicity":"NH","PatientLanguage":{"LanguageCode":"en","LanguageDescription":"English"},"DeceasedDateTime":"","PatientAddress":[{"AddressTypeDescription":"Home","State":"Utah","AddressTypeCode":"H","PostalCode":"04334","Country":"USA","City":"South Fritzmouth","StreetAddress2":"","StreetAddress1":"226 Waelchi Lakes"}],"PatientPhoneNumber":[{"PhoneNumberTypeDescription":"Mobile","PhoneNumber":"2072217177","PhoneNumberTypeCode":"M"},{"PhoneNumberTypeDescription":"Home","PhoneNumber":"7403339876","PhoneNumberTypeCode":"H"}],"PatientEmailAddress":"David.Rack@gmail.com","PatientLastName":"Task","IsEmployed":"Y","PatientMiddleInitial":"A","PatientMultipleBirthIndicator":"","IsDeceased":""},"TenantId":"18FDB1EF-1C3B-400E-9893-4DE5371AD68E","ClaimOccurance":[{"OccuranceCode":"","OccuranceDate":""}],"Transaction":[{"EmployeeLastName":"Smith","EmployeeFirstName":"Lisa","EventType":{"EventTypeCode":"S12","EventTypeDescription":"New Appointment"},"DocVersionNum":"0","EventDateTime":"2020-11-25T09:24:00.000","FacilityCode":"PRC01","EmployeeId":"5454666","MessageType":"SIU","MessageId":"1499366"}],"Observation":[],"DRG":[{"DRG":"37","DRGAssignedDateTime":""}],"SchemaVersionNum":"1.0","Procedure":[{"ProcedureType":"TEST856","ProcedureModifierList":[{"ModifierCode":"A1"}],"LastUpdateBy":"","ProcedureUnits":"1","CreatedBy":"","ProcedureProvider":[{"ProviderLastName":"Patil","ProviderType":{"ProviderTypeCode":"HIPAA","ProviderTypeDescription":"Health portability and accountabilty act"},"ProviderNPI":"A7895","ProviderFirstName":"Srinivas"}],"ProcedureDate":"","LastUpdateDateUTC":"","ProcedureAthesiaCode":"TTML","ProcedureAnthesiaMinutes":"15","CreatedDateUTC":"","ProcedurePriority":"High","ExpirationDateUTC":"","CreatedByType":"","ProcedureName":{"ProcedureCode":"0001A","ProcedureDescription":"Adm SARSCoV2 30mcg\/0.3mL 1st"},"LastUpdateByType":"","ProcedureAssociatedDiagnosisCode":"ABC123","ProcedureNumber":"123"}],"FacilityTimeZoneOffSet":"-05:00","Diagnosis":[]}