{
	"chrome": {
		"arguments": {
			"arg1": "--disable-infobars",
			"arg2": "--start-maximized",

			"arg3": "--ignore-certificate-errors",
			"arg4": "--window-size=1920,1080"
		},
		"capabilities": {
			"browserName": "chrome",
			"os": "Windows"
		}
	},
	"firefox": {
		"arguments": {
			"arg1": "--disable-infobars",
			"arg2": "--start-maximized",
			"arg3": "--ignore-certificate-errors",
			"arg4": "--window-size=1920,1080"
		},
		"capabilities": {
			"browserName": "firefox",
			"os": "Windows",

			"arg3": "--ignore-certificate-errors",
			"arg4": "--window-size=1920,1080"
		},
		
	
	"firefox": {
		"arguments": {
			"arg1": "--disable-infobars",
			"arg2": "--start-maximized",
			"arg3": "--ignore-certificate-errors",
			"arg4": "--window-size=1920,1080"
		},
		"capabilities": {
			"browserName": "firefox",
			"os": "Windows"

		}
	},
	"ie": {
		"arguments": {

			
		},
		"capabilities": {
			"os": "Windows",
			"os_version": "10",
			"browser": "IE",
			"browser_version": "11.0",
			"browserstack.local": "false"
		}
	}

			
		},
		"capabilities": {
			"os": "Windows",
			"os_version": "10",
			"browser": "IE",
			"browser_version": "11.0",
			"browserstack.local": "false"
		}
	}

